Date,Average Daily Value
2008-01-01,1.6208
2008-01-02,1.0792
2008-01-03,3.0583
2008-01-04,3.7583
2008-01-05,2.5
2008-01-06,1.8083
2008-01-07,4.1917
2008-01-08,7.8458
2008-01-09,6.3667
2008-01-10,5.25
2008-01-11,8.1792
2008-01-12,3.9875
2008-01-13,3.0917
2008-01-14,4.475
2008-01-15,3.1083
2008-01-16,2.125
2008-01-17,1.6083
2008-01-18,4.8208
2008-01-19,5.8458
2008-01-20,3.8625
2008-01-21,1.6583
2008-01-22,2.2875
2008-01-23,2.3167
2008-01-24,7.95
2008-01-25,4.1043
2008-01-26,2.1208
2008-01-27,3.7917
2008-01-28,3.2333
2008-01-29,4.1667
2008-01-30,9.9583
2008-01-31,8.2333
2008-02-01,19.9
2008-02-02,5.0545
2008-02-03,4.975
2008-02-04,9.3636
2008-02-05,2.8909
2008-02-06,0.6708
2008-02-07,2.4667
2008-02-08,3.1208
2008-02-09,3.5333
2008-02-10,6.9708
2008-02-11,4.375
2008-02-12,2.4917
2008-02-13,2.8125
2008-02-14,2.7917
2008-02-15,0.3083
2008-02-16,1.325
2008-02-17,2.4417
2008-02-18,3.7958
2008-02-19,7.3955
2008-02-20,10
2008-02-21,8.5167
2008-02-22,9.175
2008-02-23,9.0417
2008-02-24,11.8208
2008-02-25,4.4333
2008-02-26,4.5833
2008-02-27,1.2292
2008-02-28,2.5
2008-02-29,4.9583
2008-03-01,1.6375
2008-03-02,8.1458
2008-03-03,2.3375
2008-03-04,3.975
2008-03-05,2.7917
2008-03-06,3.8458
2008-03-07,3.6042
2008-03-08,4.7583
2008-03-09,1.5083
2008-03-10,3.3708
2008-03-11,0.575
2008-03-12,0.95
2008-03-13,3.7292
2008-03-14,5.05
2008-03-15,8.9
2008-03-16,5.2958
2008-03-17,1.375
2008-03-18,4.5125
2008-03-19,4.3542
2008-03-20,4.5083
2008-03-21,5.2292
2008-03-22,3.0542
2008-03-23,3.5708
2008-03-24,1.5083
2008-03-25,1.0913
2008-03-26,2.5208
2008-03-27,4.7292
2008-03-28,2.15
2008-03-29,5.2792
2008-03-30,8.7125
2008-03-31,10.0792
2008-04-01,2.5348
2008-04-02,2.05
2008-04-03,1.9292
2008-04-04,4.8375
2008-04-05,3.925
2008-04-06,4.1208
2008-04-07,2.9609
2008-04-08,2.4417
2008-04-09,2.9625
2008-04-10,4.4542
2008-04-11,3.3375
2008-04-12,2.3
2008-04-13,2.2583
2008-04-14,4.9583
2008-04-15,4.5667
2008-04-16,1.6174
2008-04-17,6.1042
2008-04-18,3.5417
2008-04-19,1.7958
2008-04-20,1.1792
2008-04-21,2.5125
2008-04-22,3.887
2008-04-23,5.2917
2008-04-24,7.1083
2008-04-25,10.3292
2008-04-26,5.7125
2008-04-27,6.0625
2008-04-28,6.7083
2008-04-29,5.1708
2008-04-30,3.9958
2008-05-01,3.8609
2008-05-02,7.0714
2008-05-03,7.3417
2008-05-04,5.95
2008-05-05,6.0875
2008-05-06,11.525
2008-05-07,7.0792
2008-05-08,2.3208
2008-05-09,5.8708
2008-05-10,4.6792
2008-05-11,3.8125
2008-05-12,6.1917
2008-05-13,3.8792
2008-05-14,2.6583
2008-05-15,6.2792
2008-05-16,11.8125
2008-05-17,10.7375
2008-05-18,8.0292
2008-05-19,5.1708
2008-05-20,5.9125
2008-05-21,1.5083
2008-05-22,1.7833
2008-05-23,4.6917
2008-05-24,5.6625
2008-05-25,4.325
2008-05-26,4.55
2008-05-27,4.1708
2008-05-28,3.1875
2008-05-29,4.85
2008-05-30,5.3458
2008-05-31,7.0167
2008-06-01,5.1542
2008-06-02,4.5292
2008-06-03,3.6292
2008-06-04,5.6208
2008-06-05,4.05
2008-06-06,1.3125
2008-06-07,1.3458
2008-06-08,1.4042
2008-06-09,1.6609
2008-06-10,1.725
2008-06-11,2.8875
2008-06-12,4.2833
2008-06-13,3.3042
2008-06-14,2.2208
2008-06-15,4.45
2008-06-16,4.6167
2008-06-17,5.225
2008-06-18,4.4458
2008-06-19,3.1208
2008-06-20,3.6208
2008-06-21,4.9542
2008-06-22,2.5417
2008-06-23,3.0667
2008-06-24,3.225
2008-06-25,3.3333
2008-06-26,3.9583
2008-06-27,4.3083
2008-06-28,5.4833
2008-06-29,7.7583
2008-06-30,10.9625
2008-07-01,9.1708
2008-07-02,7.6208
2008-07-03,8.1542
2008-07-04,7.2174
2008-07-05,3.5417
2008-07-06,3.6783
2008-07-07,3.9667
2008-07-08,6.2208
2008-07-09,7.9583
2008-07-10,0.787
2008-07-11,1.4913
2008-07-12,2.9583
2008-07-13,4.9043
2008-07-14,1.9458
2008-07-15,2.8708
2008-07-16,3.9227
2008-07-17,5.3625
2008-07-18,3.4542
2008-07-19,4.1042
2008-07-20,5.5333
2008-07-21,9.0417
2008-07-22,7.2833
2008-07-23,3.0042
2008-07-24,3.0667
2008-07-25,5.3875
2008-07-26,9.2167
2008-07-27,5.6417
2008-07-28,2.8
2008-07-29,5.8625
2008-07-30,3.45
2008-07-31,3.1417
2008-08-01,3.6083
2008-08-02,3.4625
2008-08-03,2.4333
2008-08-04,3.1
2008-08-05,4.7708
2008-08-06,6.9792
2008-08-07,9.6167
2008-08-08,11.7292
2008-08-09,4.2083
2008-08-10,3.4708
2008-08-11,1.5167
2008-08-12,3.0625
2008-08-13,5.4917
2008-08-14,5.4375
2008-08-15,5.55
2008-08-16,8.0625
2008-08-17,9.7667
2008-08-18,10.3292
2008-08-19,12.1958
2008-08-20,2.6875
2008-08-21,4.375
2008-08-22,3.1417
2008-08-23,4.8391
2008-08-24,5.9083
2008-08-25,3.9667
2008-08-26,0.5455
2008-08-27,1.3458
2008-08-28,1.0792
2008-08-29,1.2087
2008-08-30,1.625
2008-08-31,0.8583
2008-09-01,3.1333
2008-09-02,2.3625
2008-09-03,1.9208
2008-09-04,2.2917
2008-09-05,3.1
2008-09-06,2.3708
2008-09-07,2.6708
2008-09-08,2.1417
2008-09-09,1.9708
2008-09-10,1.5952
2008-09-11,2.575
2008-09-12,2.5125
2008-09-13,2.9083
2008-09-14,3.7083
2008-09-15,4.9542
2008-09-16,7.3833
2008-09-17,8.1875
2008-09-18,12.675
2008-09-19,11.4833
2008-09-20,9.7917
2008-09-21,9.6458
2008-09-22,1.2375
2008-09-23,1.2708
2008-09-24,3.5208
2008-09-25,4.4292
2008-09-26,4.6917
2008-09-27,2.7667
2008-09-28,3.3125
2008-09-29,3.5958
2008-09-30,6.7458
2008-10-01,7.2375
2008-10-02,8.5375
2008-10-03,5.9708
2008-10-04,5.4042
2008-10-05,0.9542
2008-10-06,1.6375
2008-10-07,1.8625
2008-10-08,1.2792
2008-10-09,2.3375
2008-10-10,2.9417
2008-10-11,2.2708
2008-10-12,2.9417
2008-10-13,1.9208
2008-10-14,2.3125
2008-10-15,2.8958
2008-10-16,2.4917
2008-10-17,2.6458
2008-10-18,3.8083
2008-10-19,2.0292
2008-10-20,2.2125
2008-10-21,2.1958
2008-10-22,1.6125
2008-10-23,2.8083
2008-10-25,3.7917
2008-10-26,1.4125
2008-10-27,8.9167
2008-10-28,7.925
2008-10-29,8.5667
2008-10-30,5.7208
2008-10-31,9.325
2008-11-01,2.4917
2008-11-02,3.075
2008-11-03,3.8333
2008-11-04,7.0833
2008-11-05,4.4417
2008-11-06,4.7708
2008-11-07,4.8875
2008-11-08,6.7583
2008-11-09,1.6917
2008-11-10,7.8708
2008-11-11,2.3625
2008-11-12,1.2042
2008-11-13,2.3708
2008-11-14,2.4708
2008-11-15,3.9333
2008-11-16,3.2583
2008-11-17,1.8
2008-11-18,4.3
2008-11-19,3.6958
2008-11-20,1.2167
2008-11-21,5.2292
2008-11-22,1.1167
2008-11-23,2.6792
2008-11-24,1.65
2008-11-25,4.8
2008-11-26,2.6
2008-11-27,2.3208
2008-11-28,3.8917
2008-11-29,4.0708
2008-12-01,1.2
2008-12-02,1.5667
2008-12-03,1.0583
2008-12-04,1.5
2008-12-05,2.8292
2008-12-06,2.7417
2008-12-07,3.625
2008-12-08,10.025
2008-12-09,10.5905
2008-12-10,1.6542
2008-12-11,0.8174
2008-12-12,0.9083
2008-12-13,2.6208
2008-12-14,4.2208
2008-12-15,3.975
2008-12-16,3.1875
2008-12-17,4.3792
2008-12-18,5.2042
2008-12-19,7.4083
2008-12-20,5.2417
2008-12-21,2.8292
2008-12-22,3.425
2008-12-23,3.2625
2008-12-24,1.0292
2008-12-25,2.2208
2008-12-26,1.4792
2008-12-27,0.5917
2008-12-28,2.7333
2008-12-29,6.1333
2008-12-30,7.9708
2008-12-31,3.5739
2009-01-01,3.3773
2009-01-02,5.9958
2009-01-03,3.9792
2009-01-04,3.2708
2009-01-05,0.3913
2009-01-06,2.5458
2009-01-07,8.3167
2009-01-08,8.9542
2009-01-09,7.9364
2009-01-10,0.5875
2009-01-11,1.2375
2009-01-12,2.15
2009-01-13,0.7167
2009-01-14,9.7208
2009-01-15,0.9458
2009-01-16,2.0833
2009-01-17,0.8
2009-01-18,0.275
2009-01-19,0.3333
2009-01-20,1.1667
2009-01-21,2.5048
2009-01-22,4.7625
2009-01-23,8.0292
2009-01-24,15.65
2009-01-25,6.35
2009-01-26,2.3333
2009-01-27,0.6292
2009-01-28,1.5917
2009-01-29,0.9458
2009-01-30,0.7375
2009-01-31,1.3958
2009-02-01,1.5417
2009-02-02,2.5042
2009-02-03,3.4875
2009-02-04,2.4208
2009-02-05,4.925
2009-02-06,10.3292
2009-02-07,2.7917
2009-02-08,1.8583
2009-02-09,2.4875
2009-02-10,2.7375
2009-02-11,3.9667
2009-02-12,4.3333
2009-02-13,6.9417
2009-02-14,1.6917
2009-02-15,4.1875
2009-02-16,6.0042
2009-02-17,5.4958
2009-02-18,6.3042
2009-02-19,2.75
2009-02-20,4.2792
2009-02-21,5.1292
2009-02-22,8.5125
2009-02-23,5.7458
2009-02-24,2.1292
2009-02-25,2.1167
2009-02-26,3.1167
2009-02-27,4.2208
2009-02-28,6.2792
2009-03-01,9.0417
2009-03-02,2.215
2009-03-03,2.225
2009-03-04,2.33
2009-03-05,1.95
2009-03-06,3.7136
2009-03-07,2.0958
2009-03-08,2.3
2009-03-09,3.2458
2009-03-10,5.9208
2009-03-11,4.6167
2009-03-12,1.7875
2009-03-13,0.3583
2009-03-14,2.7917
2009-03-15,7.9364
2009-03-16,14.6591
2009-03-17,13.885
2009-03-18,2.3727
2009-03-19,2.4167
2009-03-20,1.6708
2009-03-21,6.8826
2009-03-22,3.1958
2009-03-23,4.7708
2009-03-24,6.3667
2009-03-25,2.2167
2009-03-26,1.4792
2009-03-27,3.0583
2009-03-28,3.5708
2009-03-29,2.775
2009-03-30,2.1208
2009-03-31,2.225
2009-04-01,3.213
2009-04-02,5.7375
2009-04-03,11.0208
2009-04-04,8.7375
2009-04-05,4.0739
2009-04-06,2.3087
2009-04-07,4.3458
2009-04-08,6.9792
2009-04-09,6.3083
2009-04-10,3.3208
2009-04-11,3.0304
2009-04-12,0.9435
2009-04-13,2.0696
2009-04-14,2.375
2009-04-15,4.587
2009-04-16,7.1167
2009-04-17,7.2
2009-04-18,3.3292
2009-04-19,3.0958
2009-04-20,3.1333
2009-04-21,4.8083
2009-04-22,3.8417
2009-04-23,3.25
2009-04-24,5.8
2009-04-25,6.2625
2009-04-26,5.6083
2009-04-27,3.4167
2009-04-29,6.8708
2009-04-30,8.0042
2009-05-01,8.1208
2009-05-02,9.1125
2009-05-03,8.1833
2009-05-04,4.375
2009-05-05,4.2167
2009-05-06,2.1333
2009-05-07,5.5083
2009-05-08,2.6458
2009-05-09,5.3
2009-05-10,4.1417
2009-05-11,4.2818
2009-05-12,2.5417
2009-05-13,4.4917
2009-05-14,6.7458
2009-05-15,5.9417
2009-05-16,5.8083
2009-05-17,5.5667
2009-05-18,2.9417
2009-05-19,4.1792
2009-05-20,6.1167
2009-05-21,4.0833
2009-05-22,6.4
2009-05-23,8.1167
2009-05-24,9.2625
2009-05-25,9.1409
2009-05-26,8.0083
2009-05-27,4.1083
2009-05-28,5.5833
2009-05-29,8.3042
2009-05-30,11.2167
2009-05-31,7.65
2009-06-01,4.4833
2009-06-02,7.75
2009-06-03,10.725
2009-06-04,13.0417
2009-06-05,5.2
2009-06-06,4.8208
2009-06-07,6.3
2009-06-08,5.3125
2009-06-09,5.95
2009-06-10,6.7583
2009-06-11,10.2792
2009-06-12,12.5458
2009-06-13,10.2458
2009-06-14,7.9417
2009-06-15,6.8208
2009-06-16,6.275
2009-06-17,5.7708
2009-06-18,4.2522
2009-06-19,6.7136
2009-06-20,5.8625
2009-06-21,3.3583
2009-06-22,4.5208
2009-06-23,2.2167
2009-06-24,5.0625
2009-06-25,4.8292
2009-06-26,6.5458
2009-06-27,7.5417
2009-06-28,9.35
2009-06-29,6.45
2009-06-30,6.9333
2009-07-01,5.0875
2009-07-02,10.5708
2009-07-03,5.4083
2009-07-04,7.3667
2009-07-05,7.3792
2009-07-06,6.1
2009-07-07,3.2375
2009-07-08,2.625
2009-07-09,3.1875
2009-07-10,5.075
2009-07-11,8.85
2009-07-12,9.0667
2009-07-13,9.0875
2009-07-14,3.4208
2009-07-15,5.0458
2009-07-16,8.0125
2009-07-17,8.5739
2009-07-18,10.4208
2009-07-19,4.6125
2009-07-20,5.4292
2009-07-21,7.5917
2009-07-22,10.3958
2009-07-23,11.3875
2009-07-24,11.1417
2009-07-25,12.5042
2009-07-26,7.4167
2009-07-27,11.1667
2009-07-28,8.2875
2009-07-29,13.7917
2009-07-30,12.0125
2009-07-31,10.025
2009-08-01,13.0417
2009-08-02,14.2542
2009-08-03,8.4409
2009-08-04,1.6958
2009-08-05,2.2417
2009-08-06,4.9542
2009-08-07,7.7458
2009-08-08,10.0792
2009-08-09,15.1625
2009-08-10,6.9542
2009-08-11,1.9417
2009-08-12,1.7333
2009-08-13,2.1708
2009-08-14,1.1792
2009-08-15,3.5421
2009-08-16,2.2417
2009-08-17,4.4625
2009-08-18,4.6792
2009-08-19,6.1542
2009-08-20,7.6625
2009-08-21,9.6708
2009-08-22,11.4292
2009-08-23,13.0958
2009-08-25,11.7583
2009-08-26,14.3542
2009-08-27,13.8292
2009-08-28,13.0208
2009-08-29,11.6375
2009-08-30,11.2625
2009-08-31,14.3917
2009-09-01,21.2083
2009-09-02,8.4917
2009-09-03,9.5458
2009-09-04,2.8542
2009-09-05,7.425
2009-09-06,6.425
2009-09-07,1.7625
2009-09-08,1.8826
2009-09-09,3.7333
2009-09-10,4.0792
2009-09-11,6.6625
2009-09-12,8.5542
2009-09-13,8.0167
2009-09-14,8.3875
2009-09-15,13.8667
2009-09-16,14.0917
2009-09-17,8.5708
2009-09-18,6.09
2009-09-19,5.15
2009-09-20,1.525
2009-09-21,3.5542
2009-09-22,3.8667
2009-09-23,10.2542
2009-09-24,12.4375
2009-09-25,11.4783
2009-09-26,7.9292
2009-09-27,2.9583
2009-09-28,7.119
2009-09-29,11.7208
2009-09-30,3.6375
2009-10-01,4.28
2009-10-02,4.0208
2009-10-04,3.1
2009-10-05,5.6958
2009-10-06,3.2565
2009-10-08,1.7167
2009-10-09,1.7208
2009-10-10,1.825
2009-10-11,5.8667
2009-10-12,5.1526
2009-10-13,5.2333
2009-10-14,7.5909
2009-10-15,16.1167
2009-10-16,7.4333
2009-10-18,8.5409
2009-10-19,11.8583
2009-10-20,8.6458
2009-10-21,10.8222
2009-10-22,3.6167
2009-10-23,4.0125
2009-10-24,3.2
2009-10-25,3.3125
2009-10-26,1.9708
2009-10-27,1.4375
2009-10-28,2.5167
2009-10-29,6.0583
2009-10-30,4.9591
2009-10-31,3.0045
2009-11-01,2.2542
2009-11-02,2.1833
2009-11-03,4.0125
2009-11-04,7.3292
2009-11-05,10.165
2009-11-06,7.0182
2009-11-07,4.0579
2009-11-08,7.5565
2009-11-09,7.0957
2009-11-10,4.8182
2009-11-11,8.5211
2009-11-12,5.4957
2009-11-13,6.5875
2009-11-15,7.1905
2009-11-16,5.83
2009-11-17,4.8913
2009-11-18,5.185
2009-11-19,6.8375
2009-11-20,9.0583
2009-11-21,4.881
2009-11-22,6.9789
2009-11-23,6.2636
2009-11-24,3.7565
2009-11-25,7.9417
2009-11-26,6.0045
2009-11-27,5.9875
2009-11-28,9.3783
2009-11-29,4.3773
2009-11-30,8.1125
2009-12-01,4.6556
2009-12-02,7.9375
2009-12-03,6.2917
2009-12-04,6.7619
2009-12-05,3.1273
2009-12-06,3.6087
2009-12-07,7.5957
2009-12-08,7.1167
2009-12-09,3.4208
2009-12-10,4.9125
2009-12-11,7.475
2009-12-12,8.8417
2009-12-13,13.6333
2009-12-14,14.9375
2009-12-15,12.2542
2009-12-16,11.6696
2009-12-17,5.1238
2009-12-18,5.4227
2009-12-19,10.3917
2009-12-20,8.4042
2009-12-21,6.2565
2009-12-22,7.2042
2009-12-23,8.2417
2009-12-24,3.5
2009-12-25,4.8042
2009-12-26,3.6778
2009-12-27,4.3182
2009-12-28,3.9273
2009-12-29,12.1045
2009-12-30,9.3435
2009-12-31,7.4409
2010-01-01,11.8458
2010-01-02,12.9583
2010-01-03,15.3958
2010-01-04,17.8208
2010-01-05,17.2261
2010-01-06,8.7167
2010-01-07,8.0167
2010-01-08,3.6273
2010-01-09,1.8783
2010-01-10,4.0636
2010-01-11,4.2762
2010-01-12,3.9591
2010-01-13,4.9478
2010-01-14,3.4417
2010-01-15,7.45
2010-01-16,3.7435
2010-01-17,7.8708
2010-01-18,4.9609
2010-01-19,11.6591
2010-01-20,12.6217
2010-01-21,13.7
2010-01-22,9.2652
2010-01-23,6.8792
2010-01-24,8.4333
2010-01-25,11.9083
2010-01-26,20.925
2010-01-27,15.0917
2010-01-28,12.3917
2010-01-29,25.1333
2010-01-30,25.5167
2010-01-31,14.8708
2010-02-01,28.5083
2010-02-02,25.4542
2010-02-03,38.0417
2010-02-04,26.0955
2010-02-05,14.6375
2010-02-06,19.875
2010-02-07,7.8792
2010-02-08,7.4542
2010-02-09,6.5375
2010-02-10,10.8083
2010-02-11,12.6375
2010-02-12,14.2583
2010-02-13,20.1292
2010-02-14,9.2083
2010-02-15,6.5625
2010-02-16,15.0083
2010-02-17,6.2667
2010-02-18,9.09
2010-02-19,5.18
2010-02-20,11.775
2010-02-21,9.925
2010-02-22,18.6048
2010-02-23,26.7792
2010-02-24,6.9417
2010-02-25,4.9565
2010-02-26,7.1682
2010-02-27,14.4261
2010-02-28,10.7364
2010-03-01,15.825
2010-03-02,21.225
2010-03-03,9.7143
2010-03-04,10.9409
2010-03-05,11.3708
2010-03-06,12.6174
2010-03-07,6.7391
2010-03-08,6.5667
2010-03-09,5.9913
2010-03-10,5.25
2010-03-11,5.1421
2010-03-12,5.4625
2010-03-13,4.9429
2010-03-14,8.6542
2010-03-15,5.1333
2010-03-16,5.3095
2010-03-17,5.1087
2010-03-18,3.119
2010-03-19,5.581
2010-03-20,7.29
2010-03-21,6.5833
2010-03-22,16.575
2010-03-23,9.6542
2010-03-24,16.3042
2010-03-25,15.5714
2010-03-26,13.9125
2010-03-27,4.5792
2010-03-28,4.3958
2010-03-29,5.419
2010-03-31,2.8818
2010-04-01,3.6368
2010-04-02,1.0545
2010-04-03,0.8476
2010-04-04,1.6304
2010-04-05,1.1632
2010-04-07,1.5409
2010-04-08,1.9273
2010-04-09,4.0611
2010-04-10,1.36
2010-04-12,1.2722
2010-04-13,0.6611
2010-04-14,1.7182
2010-04-15,2.2478
2010-04-17,3.9895
2010-04-18,2.4316
2010-04-19,3.3261
2010-04-20,2.8375
2010-04-21,2.8864
2010-04-22,2.4955
2010-04-23,1.5905
2010-04-24,2.0545
2010-04-25,1.4174
2010-04-26,1.2318
2010-04-27,1.3565
2010-04-28,1.8087
2010-04-30,2.5474
2010-05-01,1.681
2010-05-02,2.03
2010-05-03,2.1696
2010-05-05,1.7556
2010-05-06,3.3056
2010-05-07,3.11
2010-05-08,2.5789
2010-05-09,1.6087
2010-05-10,1.725
2010-05-11,1.1105
2010-05-12,4.3611
2010-05-13,3.105
2010-05-18,4.4
2010-05-20,6.5091
2010-05-21,3.4227
2010-05-22,4.5409
2010-05-23,3.8083
2010-05-24,5.0455
2010-05-25,7.6909
2010-05-26,6.9917
2010-05-27,5.475
2010-05-28,3.3667
2010-05-29,2.4522
2010-05-30,3.1409
2010-05-31,3.6826
2010-06-01,6.5292
2010-06-02,4.9826
2010-06-03,3.1261
2010-06-04,5.1458
2010-06-05,3.6045
2010-06-06,5.5952
2010-06-07,4.9091
2010-06-08,5.6
2010-06-09,5.9625
2010-06-10,2.8435
2010-06-11,7.8542
2010-06-12,9.05
2010-06-13,7.2708
2010-06-14,6.365
2010-06-15,6.0208
2010-06-16,4.8083
2010-06-17,7.1125
2010-06-18,8.5458
2010-06-19,15.1417
2010-06-20,12.1667
2010-06-21,10.3875
2010-06-22,10.0292
2010-06-23,10.3458
2010-06-24,5.3217
2010-06-25,7.3217
2010-06-26,4.0474
2010-06-27,8.2389
2010-06-28,10.8952
2010-06-29,6.285
2010-06-30,3.7
2010-07-01,6.4818
2010-07-02,5.975
2010-07-03,7.181
2010-07-04,2.3417
2010-07-05,3.1917
2010-07-06,3.8952
2010-07-07,6.3
2010-07-08,9.4909
2010-07-09,9.0833
2010-07-10,9.35
2010-07-11,7.5696
2010-07-12,6.413
2010-07-13,2.3421
2010-07-14,6.9167
2010-07-15,9.5348
2010-07-16,8.85
2010-07-17,9.7609
2010-07-18,5.2625
2010-07-19,4.7435
2010-07-20,7.8609
2010-07-21,7.4522
2010-07-22,8.2091
2010-07-23,4.3091
2010-07-24,9.2889
2010-07-25,7.3429
2010-07-26,9.2
2010-07-27,7.1826
2010-07-28,8.2913
2010-07-29,12.0053
2010-07-30,10.535
2010-07-31,9.3375
2010-08-01,6.7478
2010-08-02,9.3208
2010-08-03,6.2091
2010-08-04,8.4609
2010-08-05,10.3542
2010-08-06,10.6375
2010-08-07,19.1333
2010-08-08,8.2917
2010-08-09,8.019
2010-08-10,8.5455
2010-08-11,8.1375
2010-08-12,6.9696
2010-08-13,2.8957
2010-08-14,6.8333
2010-08-15,6.9955
2010-08-16,11.3
2010-08-17,8.6625
2010-08-18,13.2625
2010-08-19,44.6083
2010-08-20,124.6083
2010-08-21,49.8292
2010-08-22,26.3167
2010-08-23,8.5273
2010-08-24,7.6208
2010-08-25,7.62
2010-08-26,15.0435
2010-08-27,4.875
2010-08-28,2.7083
2010-08-29,3.9458
2010-08-30,7.3609
2010-08-31,4.7167
2010-09-01,2.7667
2010-09-02,5.5
2010-09-03,14.125
2010-09-04,4.7391
2010-09-05,3.0292
2010-09-06,4.2458
2010-09-07,6.4167
2010-09-08,5.4917
2010-09-09,4.8083
2010-09-10,7.0083
2010-09-11,6.3083
2010-09-12,6.5435
2010-09-13,3.2875
2010-09-14,6.3167
2010-09-15,5.85
2010-09-16,3.5857
2010-09-17,4.2909
2010-09-18,5.1364
2010-09-19,5.4583
2010-09-20,5.4105
2010-09-21,5.7739
2010-09-22,6.5375
2010-09-23,6.15
2010-09-24,4.7684
2010-09-25,4.72
2010-09-26,5.5286
2010-09-27,5.2391
2010-09-28,4.8583
2010-09-29,5.1261
2010-09-30,4.8609
2010-10-01,8.1667
2010-10-02,10.0625
2010-10-03,9.075
2010-10-04,9.8955
2010-10-05,4.9273
2010-10-06,7.9318
2010-10-07,5.6227
2010-10-08,8.6455
2010-10-09,6.6783
2010-10-10,6.7773
2010-10-11,4.2421
2010-10-12,1.6217
2010-10-13,7.1833
2010-10-14,8.9826
2010-10-15,4.5905
2010-10-16,4.7105
2010-10-17,7.975
2010-10-18,3.987
2010-10-19,2.4238
2010-10-20,9.1
2010-10-21,6.5522
2010-10-22,11.1667
2010-10-23,13.3125
2010-10-24,14.9583
2010-10-25,3.2542
2010-10-26,7.8708
2010-10-27,21.9542
2010-10-28,10.0958
2010-10-29,8.4292
2010-10-30,5.0792
2010-10-31,3.575
2010-11-01,2.8913
2010-11-02,3.3381
2010-11-03,4.5583
2010-11-04,5.0857
2010-11-05,5.6958
2010-11-06,6.825
2010-11-07,6.9125
2010-11-08,3.1364
2010-11-09,6.6478
2010-11-10,8.4273
2010-11-11,6.819
2010-11-12,5.5167
2010-11-13,4.3958
2010-11-14,3.7833
2010-11-15,4.1429
2010-11-16,5.4478
2010-11-17,6.0476
2010-11-18,3.4167
2010-11-19,10.8652
2010-11-20,9.6708
2010-11-21,8.0167
2010-11-22,8.1261
2010-11-23,10.7
2010-11-24,5.45
2010-11-25,5.6
2010-11-26,6.8136
2010-11-27,7.9667
2010-11-28,11.7045
2010-11-29,5.9435
2010-12-02,13.6478
2010-12-03,12.8417
2010-12-04,10.2667
2010-12-05,3.2087
2010-12-06,4.7778
2010-12-07,15.9391
2010-12-08,5.55
2010-12-09,26.5208
2010-12-10,18.6292
2010-12-11,15.3652
2010-12-12,16.8417
2010-12-13,4.7375
2010-12-14,4.695
2010-12-15,8.1
2010-12-16,13.4
2010-12-17,11.05
2010-12-18,7.8333
2010-12-19,13.1417
2010-12-20,14.9417
2010-12-21,8.1542
2010-12-22,8.75
2010-12-23,15.6125
2010-12-24,14.8087
2010-12-25,8.2609
2010-12-26,5.91
2010-12-29,6.3435
2010-12-30,8.9625
2010-12-31,3.9429
2011-01-01,1.8091
2011-01-02,2.5682
2011-01-03,3.6333
2011-01-04,2.0087
2011-01-05,4.4944
2011-01-06,5.435
2011-01-07,10.3333
2011-01-08,6.925
2011-01-10,3.7304
2011-01-11,8.8875
2011-01-12,14.3208
2011-01-13,10.9
2011-01-14,8.2083
2011-01-15,12.375
2011-01-16,15.8917
2011-01-17,15.0125
2011-01-18,5.7174
2011-01-19,4.8476
2011-01-20,10.85
2011-01-23,4.76
2011-01-24,2.735
2011-01-26,1.2524
2011-01-27,1.3111
2011-01-28,2.2316
2011-01-29,3.0208
2011-01-30,5.8174
2011-01-31,10.7875
2011-02-01,4.2348
2011-02-02,2.6125
2011-02-04,1.781
2011-02-05,2.1174
2011-02-06,3.4783
2011-02-07,5.0542
2011-02-08,7.3042
2011-02-09,5.5458
2011-02-10,1.5571
2011-02-11,2.8476
2011-02-12,3.45
2011-02-14,8.9474
2011-02-15,4.6304
2011-02-16,8.4833
2011-02-17,9.6917
2011-02-18,12.2417
2011-02-19,17.9042
2011-02-20,20.35
2011-02-21,5.2364
2011-02-22,4.5167
2011-02-23,3.7217
2011-02-24,5.25
2011-02-25,7.4043
2011-02-26,8.3524
2011-02-27,5.3105
2011-02-28,6.2458
2011-03-01,11.1
2011-03-02,7.5792
2011-03-03,13.6583
2011-03-04,20.4792
2011-03-05,20.0417
2011-03-06,11.413
2011-03-07,19.1333
2011-03-08,17.3478
2011-03-09,9.82
2011-03-10,15.7739
2011-03-11,15.5125
2011-03-12,16.1208
2011-03-13,5.3
2011-03-14,3.4778
2011-03-15,4.6087
2011-03-16,8.9667
2011-03-17,26.487
2011-03-18,13.95
2011-03-19,13.1583
2011-03-20,11.2208
2011-03-21,10.1565
2011-03-22,7.6333
2011-03-23,7.3625
2011-03-24,9.65
2011-03-25,10.5125
2011-03-26,10.6167
2011-03-27,8.2292
2011-03-28,12.3708
2011-03-29,6.3167
2011-03-30,2.8
2011-03-31,6.3958
2011-04-01,8.8292
2011-04-02,4.1455
2011-04-04,4.0682
2011-04-05,5.4143
2011-04-06,4.675
2011-04-07,6.3875
2011-04-08,10.1727
2011-04-09,7.1182
2011-04-10,8
2011-04-11,6.7056
2011-04-13,9.1684
2011-04-15,7.3348
2011-04-16,9.35
2011-04-17,6.7619
2011-04-18,9.1261
2011-04-19,7.8417
2011-04-20,8.6182
2011-04-21,8.4667
2011-04-22,7.5
2011-04-23,8.4818
2011-04-24,10.0591
2011-04-25,9.3
2011-04-26,7.013
2011-04-27,4.6
2011-04-28,8.3947
2011-04-29,6.7095
2011-04-30,3.2095
2011-05-01,4.6455
2011-05-02,7.3667
2011-05-03,5.7125
2011-05-04,5.3476
2011-05-05,6.225
2011-05-06,5.3783
2011-05-07,4.1417
2011-05-08,6.3625
2011-05-09,4.6727
2011-05-10,5.9217
2011-05-11,7.6095
2011-05-12,6.2889
2011-05-13,4.3286
2011-05-14,5.6591
2011-05-15,4.2619
2011-05-16,6.1727
2011-05-17,2.7261
2011-05-18,4.5087
2011-05-19,5.1174
2011-05-20,6.9391
2011-05-21,8.5083
2011-05-22,6.0125
2011-05-23,4.7478
2011-05-24,5.1773
2011-05-25,9.2652
2011-05-26,5.4682
2011-05-27,6.0174
2011-05-28,20.5375
2011-05-29,12.4375
2011-05-30,8.8583
2011-05-31,11.325
2011-06-01,7.3292
2011-06-02,6.6625
2011-06-03,8.9125
2011-06-04,9.8625
2011-06-05,16.0875
2011-06-06,9.4792
2011-06-07,9.3583
2011-06-08,20.9833
2011-06-09,21.0125
2011-06-10,18.3211
2011-06-11,8.7833
2011-06-12,7.3273
2011-06-13,8.7292
2011-06-14,6.6696
2011-06-16,3.3
2011-06-17,3.0727
2011-06-18,5.825
2011-06-19,3.8095
2011-06-20,4.6792
2011-06-21,5.7227
2011-06-22,7.0391
2011-06-23,6.6783
2011-06-24,5.4364
2011-06-25,3.7478
2011-06-26,20.7333
2011-06-27,26.0875
2011-06-28,8.5429
2011-06-29,7.2857
2011-07-01,4.6789
2011-07-02,8.2429
2011-07-03,9.7
2011-07-04,8.6667
2011-07-05,8.4864
2011-07-06,11.3435
2011-07-07,13.8348
2011-07-08,5.05
2011-07-09,14.8889
2011-07-10,16.0652
2011-07-11,7.2
2011-07-12,5
2011-07-13,6.8125
2011-07-14,6.31
2011-07-15,2.6958
2011-07-16,3.7905
2011-07-17,8.3292
2011-07-18,9.8045
2011-07-19,6.0381
2011-07-20,2.6773
2011-07-21,3.4773
2011-07-22,2.8042
2011-07-23,4.1091
2011-07-24,4.7682
2011-07-25,7.2045
2011-07-26,5.0087
2011-07-27,3.0217
2011-07-28,6.2958
2011-07-29,6.8292
2011-07-30,7.8375
2011-07-31,7.0417
2011-08-01,10.9773
2011-08-02,16.3
2011-08-03,8.5143
2011-08-04,15.3571
2011-08-05,9.665
2011-08-06,6.6409
2011-08-07,5.9917
2011-08-08,8.0143
2011-08-09,14.5696
2011-08-10,5.7182
2011-08-11,8.2375
2011-08-12,7.9571
2011-08-13,10.4583
2011-08-14,14.125
2011-08-15,3.2522
2011-08-16,4.3182
2011-08-17,8.6917
2011-08-18,16.8091
2011-08-19,6.7409
2011-08-20,8.1522
2011-08-21,14.3
2011-08-22,11.1167
2011-08-23,14.0364
2011-08-24,22.2174
2011-08-25,19.9182
2011-08-26,23.4083
2011-08-27,29.2167
2011-08-28,22.0042
2011-08-29,31.25
2011-08-30,10.8875
2011-08-31,4.4182
2011-09-01,4.915
2011-09-02,4.9875
2011-09-03,6.0545
2011-09-04,8.7261
2011-09-05,12.3818
2011-09-06,15.1292
2011-09-07,19.9391
2011-09-08,28.9167
2011-09-09,26.9625
2011-09-10,20.2409
2011-09-11,23.2833
2011-09-12,18.4708
2011-09-13,23.7042
2011-09-14,20.8292
2011-09-15,23.0167
2011-09-16,8.4792
2011-09-17,8.5958
2011-09-18,7.8217
2011-09-19,4.5364
2011-09-20,13.8667
2011-09-21,20.1667
2011-09-24,11.55
2011-09-25,10.2667
2011-09-26,6.5143
2011-09-27,9.1722
2011-09-29,12.2174
2011-09-30,12.3565
2011-10-01,4.275
2011-10-02,6.2208
2011-10-03,11.5792
2011-10-04,7.6364
2011-10-05,10.6708
2011-10-06,6.2167
2011-10-07,6.1
2011-10-08,4.4708
2011-10-09,2.8458
2011-10-10,4.2833
2011-10-11,4.5958
2011-10-12,1.6292
2011-10-13,2.3583
2011-10-14,3.9083
2011-10-15,4.3522
2011-10-16,8.3208
2011-10-17,4.6391
2011-10-18,4.5375
2011-10-19,5.2042
2011-10-20,6.5708
2011-10-21,10.475
2011-10-22,5.5375
2011-10-23,3.0583
2011-10-24,4.955
2011-10-25,5.4875
2011-10-26,10.3609
2011-10-27,3.3364
2011-10-28,11.3455
2011-10-29,4.575
2011-10-30,3.7348
2011-10-31,3.56
2011-11-02,7.5143
2011-11-03,11.8818
2011-11-04,6.8571
2011-11-06,8.22
2011-11-07,4.1211
2011-11-08,8.395
2011-11-09,7.0833
2011-11-10,6.1667
2011-11-11,6.4913
2011-11-12,5.7842
2011-11-13,3.7158
2011-11-14,8.35
2011-11-15,4.5125
2011-11-16,9.9565
2011-11-17,6.4409
2011-11-18,6.7958
2011-11-19,12.5875
2011-11-20,14.9458
2011-11-21,8.4818
2011-11-22,5.7632
2011-11-23,5.9409
2011-11-24,8.1304
2011-11-25,5.67
2011-11-26,5.0391
2011-11-28,24.395
2011-11-29,6.5381
2011-11-30,13.35
2011-12-01,5.0227
2011-12-02,2.7
2011-12-03,3.3429
2011-12-04,4.3083
2011-12-05,2.9167
2011-12-06,3.4409
2011-12-07,3.3417
2011-12-08,7.4125
2011-12-09,5.2208
2011-12-10,7.1435
2011-12-11,4.8667
2011-12-12,7.5
2011-12-13,4.6952
2011-12-14,3.9375
2011-12-15,7.3208
2011-12-16,4.1
2011-12-17,4.3818
2011-12-18,5.3
2011-12-19,4.2217
2011-12-20,3.5105
2011-12-21,4.6136
2011-12-22,3.8292
2011-12-23,3.845
2011-12-24,3.3667
2011-12-25,4.185
2011-12-26,4.9762
2011-12-27,1.7045
2011-12-28,3.6609
2011-12-29,3.5417
2011-12-30,3.8429
2011-12-31,3.48
2012-01-01,9.6958
2012-01-02,3.3478
2012-01-03,2.765
2012-01-04,2.6737
2012-01-05,3.46
2012-01-06,5.8136
2012-01-07,4.8182
2012-01-08,4.0045
2012-01-09,3.3565
2012-01-11,1.7762
2012-01-12,5.8381
2012-01-13,5.4524
2012-01-14,4.6792
2012-01-15,6.4909
2012-01-16,10.1792
2012-01-18,16.6619
2012-01-19,14.2286
2012-01-20,11.7917
2012-01-21,19.5292
2012-01-22,9.8083
2012-01-23,3.7739
2012-01-24,5.95
2012-01-25,5.7714
2012-01-26,5.7083
2012-01-27,3.1833
2012-01-28,4.4458
2012-01-29,2.5364
2012-01-30,3.0304
2012-01-31,4.9773
2012-02-01,5.2667
2012-02-02,7.1542
2012-02-03,6.3857
2012-02-04,5.3652
2012-02-05,4.1042
2012-02-06,9.9
2012-02-07,8.5042
2012-02-08,6.325
2012-02-09,11.5958
2012-02-10,13.6208
2012-02-11,10.3542
2012-02-12,6.5958
2012-02-13,3.9727
2012-02-14,4.5
2012-02-15,5.9792
2012-02-16,7.0083
2012-02-17,5.4182
2012-02-18,6.8652
2012-02-19,4.7375
2012-02-20,1.9571
2012-02-21,3.2455
2012-02-22,4.6348
2012-02-23,3.6958
2012-02-24,5.15
2012-02-25,4.9625
2012-02-26,6.6792
2012-02-27,7.9609
2012-02-28,6.113
2012-02-29,5.787
2012-03-01,12.4917
2012-03-02,9.3478
2012-03-03,4.2136
2012-03-04,8.0682
2012-03-05,7.0875
2012-03-06,6.8667
2012-03-07,5.4952
2012-03-08,7.3526
2012-03-09,4.5286
2012-03-10,4.3875
2012-03-11,4.9348
2012-03-14,2.74
2012-03-15,8.7684
2012-03-16,9.8389
2012-03-17,6.1591
2012-03-18,7.5875
2012-03-19,9.5783
2012-03-20,3.4316
2012-03-21,5.1571
2012-03-22,6.4043
2012-03-23,10.2083
2012-03-24,9.5958
2012-03-25,8.3
2012-03-26,17.0773
2012-03-27,19.5208
2012-03-28,13.6083
2012-03-31,3.3955
2012-04-01,4.77
2012-04-02,9.7238
2012-04-03,5.2238
2012-04-04,8.0789
2012-04-05,5.3333
2012-04-06,6.0381
2012-04-07,5.515
2012-04-08,5.285
2012-04-10,15.1895
2012-04-11,9.3545
2012-04-12,10.0318
2012-04-13,8.4053
2012-04-14,7.6526
2012-04-15,6.21
2012-04-16,6.8417
2012-04-17,7.4636
2012-04-18,11.2875
2012-04-19,11.6167
2012-04-20,7.9417
2012-04-21,7.4083
2012-04-22,7.7478
2012-04-23,8.5889
2012-04-24,10.6389
2012-04-25,9.4958
2012-04-26,6.9
2012-04-27,5.6727
2012-04-28,3.2
2012-04-29,4.2
2012-04-30,7.4958
2012-05-02,5.4857
2012-05-03,6.5348
2012-05-04,3.0652
2012-05-05,4.6286
2012-05-06,6.15
2012-05-07,8.913
2012-05-08,10.8
2012-05-09,8.0458
2012-05-10,7.47
2012-05-11,4.1211
2012-05-12,11.0458
2012-05-13,12.3591
2012-05-14,8.9682
2012-05-15,13.0474
2012-05-16,9.3913
2012-05-17,6.41
2012-05-18,6.5227
2012-05-19,8.3417
2012-05-20,9.5222
2012-05-23,2.2333
2012-05-25,3.2409
2012-05-26,7.0429
2012-05-27,13.113
2012-05-28,12.5368
2012-05-29,8.7
2012-05-30,6.8111
2012-05-31,7.4056
2012-06-05,15.9778
2012-06-06,6.0435
2012-06-07,2.7571
2012-06-08,6.1391
2012-06-09,5.85
2012-06-10,9.2391
2012-06-11,10.4042
2012-06-12,7.9783
2012-06-13,8.0043
2012-06-14,7.15
2012-06-15,8.0958
2012-06-16,8.6182
2012-06-17,4.3474
2012-06-18,4.3556
2012-06-19,4.0833
2012-06-20,14.1316
2012-06-21,7.8917
2012-06-22,6.8263
2012-06-23,5.0125
2012-06-24,6.35
2012-06-25,6.0091
2012-06-26,4.6375
2012-06-27,9.8778
2012-06-28,10.7158
2012-06-29,5.4571
2012-06-30,5.8261
2012-07-02,7.2917
2012-07-03,9.0526
2012-07-05,6.6842
2012-07-06,15.4091
2012-07-07,17.0909
2012-07-08,13.6818
2012-07-09,9.2
2012-07-13,10.5455
2012-07-14,13.5217
2012-07-15,8.875
2012-07-16,6.7619
2012-07-17,7.2083
2012-07-18,9.3043
2012-07-19,10.9091
2012-07-20,9.1053
2012-07-21,5.3158
2012-07-22,9.6842
2012-07-23,9.4762
2012-07-24,1.8095
2012-07-25,7.7083
2012-07-26,8.5833
2012-07-27,7.0833
2012-07-28,9.6818
2012-07-29,9.3478
2012-07-30,10.5217
2012-07-31,6.625
2012-08-01,8.1304
2012-08-02,3.8696
2012-08-03,6.1364
2012-08-04,7.9545
2012-08-05,8.5
2012-08-06,9.0417
2012-08-07,10.125
2012-08-08,9.9583
2012-08-09,7.5
2012-08-10,8.3333
2012-08-11,12.1667
2012-08-12,8.5238
2012-08-13,6.6087
2012-08-14,10.6842
2012-08-16,9.625
2012-08-17,24.1
2012-08-18,13.1
2012-08-19,12.3333
2012-08-20,15.9545
2012-08-21,20.7273
2012-08-23,8.95
2012-08-24,5.1304
2012-08-25,4.4783
2012-08-26,10.4783
2012-08-27,17.2917
2012-08-28,18.5833
2012-08-29,8.375
2012-08-30,9.25
2012-08-31,12.1667
2012-09-01,10.375
2012-09-02,6.9583
2012-09-03,5.8182
2012-09-04,6.6667
2012-09-05,7.7727
2012-09-06,6.5
2012-09-07,9
2012-09-08,11.0417
2012-09-09,9.375
2012-09-10,8.125
2012-09-11,4
2012-09-12,4.5217
2012-09-13,6.125
2012-09-14,10.0833
2012-09-15,10.5833
2012-09-16,7.3913
2012-09-17,8.5
2012-09-18,14.1667
2012-09-19,12.6667
2012-09-20,11.9583
2012-09-21,12.3333
2012-09-22,14.9167
2012-09-23,16.9583
2012-09-24,15.1667
2012-09-25,13.1667
2012-09-26,9.4583
2012-09-27,12.7917
2012-09-28,5.8333
2012-09-29,7.125
2012-09-30,5.4583
2012-10-01,5.1667
2012-10-02,5.3333
2012-10-03,5.5833
2012-10-04,6.9583
2012-10-05,9.75
2012-10-06,8.6667
2012-10-07,7.7917
2012-10-08,9.9583
2012-10-09,8.5
2012-10-10,6.5
2012-10-11,8
2012-10-12,10.875
2012-10-13,9.2083
2012-10-14,4.6667
2012-10-15,2.4167
2012-10-16,3.3043
2012-10-17,4.2727
2012-10-18,5.0833
2012-10-19,4.4167
2012-10-20,7.7083
2012-10-21,3.4091
2012-10-22,10.5833
2012-10-23,3.7083
2012-10-24,5.125
2012-10-25,8.5
2012-10-26,9.913
2012-10-27,12.7917
2012-10-28,19.2083
2012-10-29,17.5833
2012-10-30,7.9167
2012-10-31,15.2083
2012-11-01,11.625
2012-11-02,21.75
2012-11-03,7.6667
2012-11-04,4.9167
2012-11-05,4.625
2012-11-06,7.6667
2012-11-07,8.875
2012-11-08,4.2917
2012-11-09,2.8333
2012-11-10,7.75
2012-11-11,6
2012-11-12,4.0833
2012-11-13,3.5833
2012-11-14,4.087
2012-11-15,5.25
2012-11-16,7.125
2012-11-17,7.4783
2012-11-18,2.375
2012-11-19,3.9167
2012-11-20,15.2917
2012-11-21,18.35
2012-11-23,10.7083
2012-11-24,5.125
2012-11-25,11.9583
2012-11-26,4.375
2012-11-27,7.7917
2012-11-28,14.0417
2012-11-29,24.6667
2012-11-30,22.9583
2012-12-01,32.6667
2012-12-02,21.5417
2012-12-03,19.1667
2012-12-04,6.0417
2012-12-07,16.25
2012-12-08,16.7083
2012-12-09,9.125
2012-12-10,8
2012-12-11,4.8696
2012-12-12,14.9583
2012-12-13,8.1304
2012-12-14,2.7273
2012-12-15,11.2083
2012-12-16,6.7273
2012-12-17,9.4167
2012-12-18,9.625
2012-12-19,11.75
2012-12-20,9.0526
2012-12-21,13.375
2012-12-22,5.625
2012-12-23,4.1739
2012-12-24,5.1739
2012-12-25,12.2083
2012-12-26,18.2917
2012-12-27,16.375
2012-12-29,3
2012-12-30,2.7727
2012-12-31,3.0556
2013-01-01,2.3333
2013-01-09,5
2013-01-10,2.5556
2013-01-11,13.4348
2013-01-12,3.8696
2013-01-13,1.2727
2013-01-16,2.05
2013-01-20,4.9048
2013-01-21,13.381
2013-01-22,17.9444
2013-01-23,18.6667
2013-01-24,11.9167
2013-01-25,6.8182
2013-01-26,5.4091
2013-01-27,1.7
2013-01-29,4.15
2013-01-30,4.0476
2013-01-31,10.75
2013-02-01,5.5714
2013-02-03,3.2105
2013-02-04,3.1429
2013-02-05,10.15
2013-02-06,24.5238
2013-02-07,6.0455
2013-02-08,6.05
2013-02-10,2.9545
2013-02-11,3.1
2013-02-15,10.25
2013-02-16,9.4583
2013-02-17,9.1667
2013-02-18,13.7917
2013-02-19,17.125
2013-02-20,25.125
2013-02-21,11.9167
2013-02-22,8.7083
2013-02-23,10.0833
2013-02-24,11.2083
2013-02-25,11.9583
2013-02-26,15
2013-02-27,16.25
2013-02-28,12.0833
2013-03-01,14.9167
2013-03-02,22.9167
2013-03-03,16.7917
2013-03-04,19.125
2013-03-05,20.7917
2013-03-06,20.625
2013-03-07,22.9167
2013-03-08,27.6667
2013-03-09,12.3333
2013-03-10,10.9583
2013-03-11,9.5
2013-03-12,16.625
2013-03-13,12.625
2013-03-14,22.9167
2013-03-15,21.25
2013-03-16,25.3333
2013-03-17,16.25
2013-03-18,13.3158
2013-03-21,4.25
2013-03-22,4.1667
2013-03-23,9.9167
2013-03-24,11.625
2013-03-25,11
2013-03-26,18.0417
2013-03-27,13.75
2013-03-28,13.25
2013-03-29,7
2013-03-30,9.2917
2013-03-31,8.875
2013-04-01,12.25
2013-04-02,11.4167
2013-04-03,5.625
2013-04-04,8.125
2013-04-05,13
2013-04-06,16.875
2013-04-07,6.125
2013-04-08,7.625
2013-04-09,5.0833
2013-04-10,8.9583
2013-04-11,3.7917
2013-04-12,4.625
2013-04-13,5.375
2013-04-14,5.5
2013-04-15,6.7083
2013-04-16,7.5833
2013-04-17,7.7917
2013-04-18,5.2917
2013-04-19,9.6667
2013-04-20,5.2917
2013-04-21,3.5
2013-04-22,5.125
2013-04-23,6
2013-04-24,4.4583
2013-04-25,3.4167
2013-04-26,5.1667
2013-04-27,4.0833
2013-04-28,3.4583
2013-04-29,4.1905
2013-04-30,5
2013-05-01,5.5833
2013-05-02,4.3333
2013-05-03,3.5833
2013-05-04,5.2917
2013-05-05,5.7917
2013-05-06,6.25
2013-05-07,8
2013-05-08,8.625
2013-05-09,8.75
2013-05-10,9.3333
2013-05-11,9.0417
2013-05-12,6.5833
2013-05-13,4.1667
2013-05-14,5.3333
2013-05-15,5
2013-05-16,7.5
2013-05-17,8
2013-05-18,19.9583
2013-05-19,8.2083
2013-05-20,8.0833
2013-05-21,10.2083
2013-05-22,6.625
2013-05-23,5.9167
2013-05-24,3.5833
2013-05-25,3.9583
2013-05-26,7.25
2013-05-27,7.9167
2013-05-28,9.7083
2013-05-29,8.75
2013-05-30,7.125
2013-05-31,7.5
2013-06-01,4.9583
2013-06-02,7.8333
2013-06-03,9.0833
2013-06-04,8.75
2013-06-05,7.4583
2013-06-06,7.25
2013-06-07,7.75
2013-06-08,6.4583
2013-06-09,5.875
2013-06-10,7.0417
2013-06-11,8.6667
2013-06-12,8.8333
2013-06-13,8.1667
2013-06-14,6.25
2013-06-15,6.25
2013-06-16,7
2013-06-20,6.5238
2013-06-21,7.2917
2013-06-22,7.125
2013-06-23,7.1667
2013-06-24,8.8333
2013-06-25,7.7917
2013-06-26,4.25
2013-06-27,5.125
2013-06-28,7.0417
2013-06-29,10.2083
2013-06-30,9.625
2013-07-01,13.2917
2013-07-02,13
2013-07-03,8.5
2013-07-04,10.125
2013-07-05,5.25
2013-07-06,5.25
2013-07-07,7.2917
2013-07-08,10.75
2013-07-09,8.625
2013-07-10,10.375
2013-07-11,7.4167
2013-07-12,6.0833
2013-07-13,4.5417
2013-07-14,8.2083
2013-07-15,5.2083
2013-07-16,5.4583
2013-07-17,6.4167
2013-07-18,5.0417
2013-07-19,6.1818
2013-07-20,4.9583
2013-07-21,2.25
2013-07-26,11.6667
2013-07-27,7.4167
2013-07-28,6.1667
2013-07-29,5.125
2013-07-30,6.2917
2013-07-31,7.7083
2013-08-01,7.75
2013-08-02,6.9583
2013-08-03,6.0833
2013-08-04,6.7917
2013-08-07,7.0417
2013-08-08,13.375
2013-08-09,9.7917
2013-08-10,10.7083
2013-08-11,10.125
2013-08-12,10.125
2013-08-13,12.2083
2013-08-14,13.7917
2013-08-15,16.75
2013-08-16,17.625
2013-08-17,11.875
2013-08-18,6.0833
2013-08-19,7.4167
2013-08-20,5.75
2013-08-21,8.5417
2013-08-22,10.6667
2013-08-23,16.75
2013-08-24,11.125
2013-08-25,12.6667
2013-08-26,7.625
2013-08-27,6.0476
2013-08-28,12.8333
2013-08-29,15.0417
2013-08-30,8.75
2013-08-31,6.625
2013-09-01,9.3333
2013-09-02,11.2083
2013-09-03,14.4583
2013-09-04,11.9167
2013-09-05,14.0417
2013-09-06,10.7083
2013-09-07,9.9167
2013-09-08,10.3333
2013-09-09,9.75
2013-09-10,10
2013-09-11,11.5833
2013-09-12,11.9167
2013-09-13,12.9
2013-09-14,15.875
2013-09-15,11.375
2013-09-16,8.7083
2013-09-17,6.25
2013-09-18,4.1667
2013-09-19,4.875
2013-09-20,7.2917
2013-09-21,7
2013-09-22,3.8333
2013-09-23,3.2083
2013-09-24,4.125
2013-09-25,4.2917
2013-09-28,4.8333
2013-09-29,3.5833
2013-09-30,4.1739
2013-10-01,3.8333
2013-10-02,5.25
2013-10-03,5.7917
2013-10-04,6.5
2013-10-05,4.4167
2013-10-06,7.4583
2013-10-07,6.0417
2013-10-08,4.55
2013-10-09,6
2013-10-10,6.7917
2013-10-11,5.7083
2013-10-12,8.125
2013-10-13,9.625
2013-10-14,9.0417
2013-10-15,8.0833
2013-10-16,6.2917
2013-10-17,5.0417
2013-10-18,6.7083
2013-10-19,7.25
2013-10-20,8.4167
2013-10-21,9.1667
2013-10-22,10
2013-10-23,12.2917
2013-10-24,10.2917
2013-10-25,11.7917
2013-10-26,10.25
2013-10-27,5.9583
2013-10-28,9.3333
2013-10-29,10.0417
2013-10-30,11.25
2013-10-31,7.625
2013-11-01,6.1667
2013-11-02,7.75
2013-11-03,6.3333
2013-11-05,8.0952
2013-11-06,7.75
2013-11-07,10.7083
2013-11-08,8.5
2013-11-09,10.2083
2013-11-10,9.4167
2013-11-11,7
2013-11-12,6.0417
2013-11-13,4.5417
2013-11-14,4.0909
2013-11-15,9.125
2013-11-16,5.8333
2013-11-17,6.9583
2013-11-18,8.8333
2013-11-19,5.25
2013-11-20,6.4583
2013-11-21,2
2013-11-22,18
2013-11-23,5.2083
2013-11-24,6.75
2013-11-25,8.6667
2013-11-26,7.3333
2013-11-27,11.2083
2013-11-28,8.5
2013-11-29,10.7083
2013-11-30,10.25
2013-12-01,10.2917
2013-12-02,7.0417
2013-12-03,3.375
2013-12-04,4.1667
2013-12-05,5.1667
2013-12-06,8.7083
2013-12-07,3.2917
2013-12-08,2.1667
2013-12-09,4.5833
2013-12-10,5.2857
2013-12-11,3.3333
2013-12-12,15.5
2013-12-13,19.2917
2013-12-14,8.0417
2013-12-15,3.8333
2013-12-16,7.8333
2013-12-17,8.5417
2013-12-18,4.25
2013-12-19,4.3333
2013-12-20,10.8333
2013-12-21,12.4167
2013-12-22,18.2917
2013-12-23,10
2013-12-24,5.2917
2013-12-25,4.6667
2013-12-26,4.1667
2013-12-27,4.5
2013-12-28,5.7917
2013-12-29,7.625
2013-12-30,19.1667
2013-12-31,16.7917
2014-01-01,12.4583
2014-01-02,6.125
2014-01-03,6.1667
2014-01-04,2.4583
2014-01-05,3.5833
2014-01-06,3.625
2014-01-07,12.9167
2014-01-08,12.4583
2014-01-09,4.5417
2014-01-10,4.7143
2014-01-11,7.5
2014-01-12,5.125
2014-01-13,3.5833
2014-01-14,5.3333
2014-01-15,2.9167
2014-01-16,5.5417
2014-01-17,5.875
2014-01-18,4.9583
2014-01-19,4.0417
2014-01-20,5.7917
2014-01-21,9.5417
2014-01-23,7.2917
2014-01-24,5.75
2014-01-25,5.5417
2014-01-26,5.2083
2014-01-27,8.8333
2014-01-28,6.2083
2014-01-29,10.0417
2014-01-30,7.5
2014-01-31,3.0833
2014-02-01,5.5
2014-02-02,6.4583
2014-02-03,2.5417
2014-02-04,0.6667
2014-02-05,5.8571
2014-02-06,3.5833
2014-02-07,5.375
2014-02-08,9.2083
2014-02-09,13.8333
2014-02-10,16.6667
2014-02-11,15.5833
2014-02-12,21.125
2014-02-13,10.5833
2014-02-14,6.125
2014-02-15,6.0417
2014-02-16,2.4167
2014-02-17,2.5833
2014-02-18,2.7917
2014-02-19,4.375
2014-02-20,3.6667
2014-02-21,5.625
2014-02-22,8.875
2014-02-23,4.25
2014-02-24,5.4583
2014-02-25,4.7083
2014-02-26,6.9583
2014-02-27,8.0833
2014-02-28,1.7083
2014-03-01,3.5833
2014-03-02,2.0417
2014-03-03,4.75
2014-03-04,10.3333
2014-03-05,20.375
2014-03-06,12.7917
2014-03-07,27.5833
2014-03-08,4.375
2014-03-09,5.0833
2014-03-10,6.875
2014-03-11,5.0417
2014-03-12,6
2014-03-13,3.75
2014-03-14,3.2917
2014-03-15,1.9167
2014-03-16,0.1667
2014-03-17,0
2014-03-18,0.2917
2014-03-19,0.8333
2014-03-20,0.1667
2014-03-21,2.5
2014-03-22,6.3333
2014-03-23,8.5417
2014-03-24,7.2917
2014-03-25,13.2917
2014-03-26,9.1667
2014-03-27,5.2857
2014-03-28,8.0833
2014-03-29,13.5
2014-03-30,7.5833
2014-03-31,9.4167
2014-04-04,3
2014-04-05,0.9167
2014-04-06,1.1667
2014-04-07,2.7917
2014-04-08,5.1667
2014-04-09,1.4167
2014-04-10,4.875
2014-04-11,2.6667
2014-04-12,3.0833
2014-04-13,4.4167
2014-04-14,6.2917
2014-04-15,7.875
2014-04-16,6.8333
2014-04-17,9.5833
2014-04-18,6.4583
2014-04-19,4.75
2014-04-20,3.6667
2014-04-21,5.5
2014-04-22,7.7895
2014-04-23,2.75
2014-04-24,4.4583
2014-04-25,6.25
2014-04-26,3.875
2014-04-27,3.25
2014-04-28,2.6667
2014-04-29,3.25
2014-04-30,6.375
2014-05-01,6.7917
2014-05-02,3.7083
2014-05-03,3.9583
2014-05-04,2.4583
2014-05-05,8
2014-05-06,3.1667
2014-05-07,4.875
2014-05-08,5.4
2014-05-09,7.2083
2014-05-10,5.2083
2014-05-11,4.4091
2014-05-12,5.875
2014-05-13,9.5833
2014-05-14,7.3333
2014-05-15,4.7917
2014-05-16,6.5
2014-05-17,7.75
2014-05-18,6.6818
2014-05-19,7.4583
2014-05-20,6.625
2014-05-21,5.2917
2014-05-22,5.8333
2014-05-23,5.375
2014-05-24,4.375
2014-05-25,6.5833
2014-05-26,4.75
2014-05-27,3.5833
2014-05-28,6.125
2014-05-29,2.5
2014-05-30,2.75
2014-05-31,5.8333
2014-06-01,7.75
2014-06-02,4.9583
2014-06-03,5.8333
2014-06-04,5.2917
2014-06-05,2
2014-06-06,4.15
2014-06-07,5.2917
2014-06-08,6.0417
2014-06-09,4.5
2014-06-10,4.375
2014-06-11,5
2014-06-12,6.7083
2014-06-13,6.125
2014-06-14,7.3333
2014-06-15,7.2917
2014-06-16,6.1667
2014-06-17,8
2014-06-18,6.625
2014-06-19,5.1667
2014-06-20,5.7917
2014-06-21,5.1667
2014-06-22,7.9167
2014-06-23,9.1667
2014-06-24,8.25
2014-06-25,5.2917
2014-06-26,6.4167
2014-06-27,7.2273
2014-06-28,4.2083
2014-06-29,4.5
2014-06-30,5.875
2014-07-01,8.0417
2014-07-02,16.5
2014-07-03,14.25
2014-07-04,10.0417
2014-07-05,15.125
2014-07-06,12.5
2014-07-07,8.2174
2014-07-08,8.1667
2014-07-09,10.8636
2014-07-10,11.0417
2014-07-11,17.7917
2014-07-12,16.1667
2014-07-13,17.4167
2014-07-14,18.625
2014-07-15,14.7083
2014-07-16,28.8095
2014-07-17,44.0833
2014-07-18,25.1667
2014-07-19,14.9167
2014-07-20,6.9583
2014-07-21,8.0417
2014-07-22,9.0833
2014-07-23,8.5417
2014-07-24,4.5
2014-07-25,7.4583
2014-07-26,8.0833
2014-07-27,10
2014-07-28,12.9167
2014-07-29,11.6087
2014-07-30,12.3913
2014-07-31,16.9565
2014-08-01,12.1667
2014-08-02,12.9583
2014-08-03,16.375
2014-08-04,12.9583
2014-08-05,14.2083
2014-08-06,16.7368
2014-08-07,11.7917
2014-08-08,10
2014-08-09,7.5
2014-08-10,10.0417
2014-08-11,12.4167
2014-08-12,15.625
2014-08-13,17.875
2014-08-14,19.5833
2014-08-15,13.8333
2014-08-16,9.5833
2014-08-17,14.2917
2014-08-18,17.75
2014-08-19,17.75
2014-08-20,9.9583
2014-08-21,8.7083
2014-08-22,9.2083
2014-08-23,9.5
2014-08-24,10.4167
2014-08-25,7.125
2014-08-26,15.0417
2014-08-27,8.2917
2014-08-28,6.875
2014-08-29,7.125
2014-08-30,5.375
2014-08-31,5.4583
2014-09-01,3.875
2014-09-02,4.9167
2014-09-03,7.0833
2014-09-04,4.5
2014-09-05,7.1579
2014-09-06,8.4167
2014-09-07,8.4167
2014-09-08,2.625
2014-09-09,3.375
2014-09-10,5.0909
2014-09-11,5.0417
2014-09-12,6
2014-09-13,8.0417
2014-09-14,8.4583
2014-09-15,9.3333
2014-09-16,11.375
2014-09-17,14.0417
2014-09-18,22.375
2014-09-19,13.5417
2014-09-20,11.5
2014-09-21,11
2014-09-22,16.7917
2014-09-23,19.875
2014-09-24,13.4583
2014-09-25,15.7083
2014-09-26,14.6667
2014-09-27,10.875
2014-09-28,10.7083
2014-09-29,9.8333
2014-09-30,6.7917
2014-10-01,5.375
2014-10-02,3.4167
2014-10-03,6.3333
2014-10-04,7.2083
2014-10-05,9.5833
2014-10-06,9.5833
2014-10-07,9.2917
2014-10-09,11.7917
2014-10-10,8.2083
2014-10-11,7.25
2014-10-12,4.625
2014-10-13,5.4167
2014-10-14,6.6667
2014-10-15,9.5
2014-10-16,14.0833
2014-10-17,7.4583
2014-10-18,6.4167
2014-10-19,7.25
2014-10-20,8.3333
2014-10-21,7.2917
2014-10-22,9.5
2014-10-23,4.625
2014-10-24,4.375
2014-10-25,7.0833
2014-10-26,7.2083
2014-10-27,3.25
2014-10-28,12.2917
2014-10-29,8.4583
2014-10-30,12.875
2014-10-31,10.25
2014-11-01,7.0417
2014-11-02,8.1667
2014-11-03,6.6667
2014-11-04,6.0833
2014-11-05,8.5
2014-11-06,8.3333
2014-11-07,6.0833
2014-11-08,8.9583
2014-11-09,4.875
2014-11-10,6.0417
2014-11-11,3.2083
2014-11-12,9.3913
2014-11-13,10.375
2014-11-14,10.8333
2014-11-15,4.375
2014-11-16,6.2917
2014-11-17,5.1667
2014-11-18,6.9583
2014-11-19,14.5
2014-11-20,6.75
2014-11-21,4.3333
2014-11-22,5.0833
2014-11-23,7.75
2014-11-24,5.6667
2014-11-25,6.2857
2014-11-26,22
2014-11-27,8.125
2014-11-28,2.4583
2014-11-29,2.5
2014-11-30,2.9167
2014-12-01,2.5833
2014-12-02,3.75
2014-12-03,6.625
2014-12-04,6.75
2014-12-05,17.8333
2014-12-06,12.5
2014-12-07,6.7917
2014-12-08,9.5833
2014-12-09,6.75
2014-12-10,5.2917
2014-12-11,5.0417
2014-12-12,7.0417
2014-12-13,6.1667
2014-12-14,7.75
2014-12-15,9.5833
2014-12-16,16.5
2014-12-17,9.5714
2014-12-18,6.3333
2014-12-19,5.375
2014-12-20,5.375
2014-12-21,6.6667
2014-12-22,7.0833
2014-12-23,8.25
2014-12-24,5.375
2014-12-25,8.125
2014-12-26,3.5417
2014-12-27,6.2917
2014-12-28,8.25
2014-12-29,1.125
2014-12-30,0.9583
2014-12-31,2.375
2015-01-01,7.2917
2015-01-02,7.75
2015-01-03,2.25
2015-01-04,4.25
2015-01-05,4.8333
2015-01-06,5.9167
2015-01-07,5.9048
2015-01-08,3.3333
2015-01-09,4.7917
2015-01-10,14.2917
2015-01-11,20.7917
2015-01-12,8.4583
2015-01-13,3.375
2015-01-14,3.9583
2015-01-15,3.5417
2015-01-16,2.375
2015-01-17,3.1667
2015-01-18,4.4167
2015-01-19,2.7083
2015-01-20,4.5417
2015-01-21,4.4583
2015-01-22,3.4583
2015-01-23,5.3333
2015-01-24,3.9583
2015-01-25,6.1667
2015-01-26,8.9583
2015-01-27,5.4167
2015-01-28,18.2917
2015-01-29,10.5
2015-01-30,9.1667
2015-01-31,7.4167
2015-02-01,8.125
2015-02-02,15.4583
2015-02-03,13.1667
2015-02-04,11.0476
2015-02-05,12.7917
2015-02-06,13
2015-02-07,17.0417
2015-02-08,17.8333
2015-02-09,18.375
2015-02-10,26.0833
2015-02-11,29.75
2015-02-12,13.6667
2015-02-13,7.25
2015-02-14,10.5833
2015-02-15,5.2083
2015-02-16,6.5417
2015-02-17,13.5
2015-02-18,11.0833
2015-02-19,4.8333
2015-02-20,5.125
2015-02-21,5.7083
2015-02-22,5.4167
2015-02-23,5.2083
2015-02-24,4.75
2015-02-25,4.9583
2015-02-26,5.5417
2015-02-27,9.375
2015-02-28,6.2083
2015-03-01,6.9583
2015-03-02,3.3333
2015-03-03,2.7917
2015-03-04,5
2015-03-05,3.9583
2015-03-06,6.375
2015-03-07,7.5833
2015-03-08,3.9167
2015-03-09,5.9167
2015-03-10,12.5833
2015-03-11,13.9167
2015-03-12,5.5
2015-03-13,7.6667
2015-03-14,7.0417
2015-03-15,3.1667
2015-03-16,8.2917
2015-03-17,9.25
2015-03-18,8.75
2015-03-19,7.5833
2015-03-20,14.9167
2015-03-21,8.0833
2015-03-22,7.0833
2015-03-23,13.5833
2015-03-24,15
2015-03-25,11.6667
2015-03-26,4.375
2015-03-27,9.125
2015-03-28,7.25
2015-03-29,3.375
2015-03-30,5.125
2015-03-31,7.8333
2015-04-01,3.5833
2015-04-02,3.125
2015-04-03,6.5
2015-04-04,8.3333
2015-04-05,5.6667
2015-04-06,7.4583
2015-04-07,6.7083
2015-04-08,4.5417
2015-04-09,7.0833
2015-04-10,8.25
2015-04-11,5.875
2015-04-12,1.375
2015-04-13,6.7917
2015-04-14,8.1667
2015-04-16,3.9167
2015-04-17,5.5
2015-04-18,4.2083
2015-04-19,5.75
2015-04-20,5.9583
2015-04-21,9.5417
2015-04-22,9.4583
2015-04-23,5.9167
2015-04-24,8.4167
2015-04-25,6.3333
2015-04-26,9.1667
2015-04-27,5.8333
2015-04-28,8.5417
2015-04-29,8.875
2015-04-30,6.125
2015-05-01,8.25
2015-05-02,4.0417
2015-05-03,6.0417
2015-05-04,8.7083
2015-05-05,12.9583
2015-05-06,2.875
2015-05-07,7
2015-05-08,8.3333
2015-05-09,10.6667
2015-05-10,14
2015-05-11,7.625
2015-05-12,9.5
2015-05-13,12.0833
2015-05-14,15.1667
2015-05-15,20.6667
2015-05-16,14.4167
2015-05-17,8.875
2015-05-18,9.1667
2015-05-19,9.5833
2015-05-20,9.125
2015-05-21,10.1667
2015-05-22,13.3333
2015-05-23,12.8333
2015-05-24,15.7917
2015-05-25,15.4167
2015-05-26,16.625
2015-05-27,18.1667
2015-05-28,28.5833
2015-05-29,22.5833
2015-05-30,16.1667
2015-05-31,16.25
2015-06-01,14.75
2015-06-02,18.625
2015-06-03,15.7083
2015-06-04,12.9167
2015-06-05,11.5833
2015-06-06,19.625
2015-06-07,20.25
2015-06-08,18.4583
2015-06-09,17.0909
2015-06-10,20.25
2015-06-11,22
2015-06-12,11.625
2015-06-13,8.3333
2015-06-14,9.625
2015-06-15,15.875
2015-06-16,12.4583
2015-06-17,12.8333
2015-06-18,14.375
2015-06-19,11.6667
2015-06-20,8.25
2015-06-21,9.9583
2015-06-22,12.4583
2015-06-23,14.1739
2015-06-24,16.2083
2015-06-25,20.375
2015-06-26,21.7917
2015-07-01,8.3333
2015-07-02,11.5833
2015-07-03,12.4091
2015-07-04,12.0833
2015-07-05,9.2083
2015-07-06,11.3043
2015-07-07,20.625
2015-07-08,18.9583
2015-07-09,19.7826
2015-07-10,23.9583
2015-07-11,21.8333
2015-07-14,10.4167
2015-07-15,8.375
2015-07-16,5.5417
2015-07-17,6.8333
2015-07-18,6.9167
2015-07-19,9.0417
2015-07-20,9.7917
2015-07-21,12
2015-07-22,10
2015-07-23,12.3333
2015-07-24,10.2083
2015-07-25,9.125
2015-07-26,7.125
2015-07-27,7.7083
2015-07-28,7.125
2015-07-29,10.0417
2015-07-30,10.1667
2015-08-02,13.625
2015-08-03,20.9583
2015-08-04,12.1818
2015-08-05,10.9167
2015-08-06,7.3333
2015-08-08,4.2609
2015-08-09,3.4167
2015-08-10,6.5714
2015-08-16,1.1667
2015-08-17,1.2083
2015-08-18,0.7917
2015-08-19,2.5833
2015-08-22,1.25
2015-08-23,2.75
2015-08-24,32.7083
2015-08-25,140.9474
2015-08-28,70.5
2015-08-29,33
2015-08-30,7.875
2015-08-31,2.2917
2015-09-01,1.75
2015-09-02,1.9167
2015-09-03,1.6667
2015-09-04,0.2083
2015-09-05,0.5417
2015-09-06,0.5833
2015-09-07,2.2083
2015-09-08,3.3333
2015-09-09,2.75
2015-09-10,4.7917
2015-09-11,3.7083
2015-09-12,6.2083
2015-09-13,1.2083
2015-09-14,2.25
2015-09-15,2.2083
2015-09-16,3.0909
2015-09-17,3.7917
2015-09-18,3.3333
2015-09-19,1.8333
2015-09-20,2
2015-09-21,1.25
2015-09-22,3.625
2015-09-23,4.9167
2015-09-24,7.25
2015-09-25,8.5833
2015-09-26,2.2083
2015-09-27,0.75
2015-09-28,2.9583
2015-09-29,5.9583
2015-09-30,5.2083
2015-10-01,8.6667
2015-10-02,7.0833
2015-10-03,0.4167
2015-10-04,4.8333
2015-10-05,3.0833
2015-10-06,7.4167
2015-10-07,5.2273
2015-10-08,4.875
2015-10-09,3.5417
2015-10-10,2.125
2015-10-11,0.3333
2015-10-12,0.125
2015-10-13,2.9583
2015-10-14,4.5
2015-10-15,6.6667
2015-10-16,8.0417
2015-10-17,9.9167
2015-10-18,3.5417
2015-10-19,9.5
2015-10-20,2.125
2015-10-21,4.0833
2015-10-22,3.7083
2015-10-23,4.0417
2015-10-24,7.0833
2015-10-25,7.5417
2015-10-26,5.0417
2015-10-27,1.4583
2015-10-28,7.0833
2015-10-29,3.9167
2015-10-30,2.2917
2015-10-31,4.0417
2015-11-01,2.125
2015-11-02,14.375
2015-11-03,6.0417
2015-11-04,4.3636
2015-11-05,4.9167
2015-11-06,5.875
2015-11-07,7.4167
2015-11-08,9.875
2015-11-09,7.2083
2015-11-10,5.5833
2015-11-11,3.0417
2015-11-12,3.4167
2015-11-13,2.9583
2015-11-14,3
2015-11-15,5.9167
2015-11-16,1.625
2015-11-17,3.1667
2015-11-18,2
2015-11-19,2.0417
2015-11-20,2.7083
2015-11-21,3.25
2015-11-22,4.125
2015-11-23,9.1667
2015-11-24,2
2015-11-25,4.6667
2015-11-26,4.6667
2015-11-27,3.3333
2015-11-28,3.3333
2015-11-29,3.4348
2015-11-30,4.8333
2015-12-01,4.2083
2015-12-02,5.5833
2015-12-03,5.8333
2015-12-04,3.75
2015-12-05,3.5417
2015-12-06,3
2015-12-07,3.625
2015-12-08,1.7273
2015-12-09,4.0417
2015-12-10,7.0417
2015-12-11,11.5
2015-12-12,6.125
2015-12-13,7.9583
2015-12-14,3.9167
2015-12-15,2.0417
2015-12-16,1.6667
2015-12-17,1.7917
2015-12-18,16
2015-12-19,8.875
2015-12-20,3
2015-12-21,1.75
2015-12-22,3.3333
2015-12-23,4.8333
2015-12-24,10.6667
2015-12-25,14.5
2015-12-26,3.875
2015-12-27,1.75
2015-12-28,1.625
2015-12-29,5
2015-12-30,1.7083
2015-12-31,1.1667
2016-01-01,1.1667
2016-01-02,3.4167
2016-01-03,4.125
2016-01-04,3.25
2016-01-05,13.875
2016-01-06,20.9167
2016-01-07,11.7917
2016-01-08,21.4091
2016-01-09,6.8333
2016-01-10,0.1667
2016-01-11,5.2083
2016-01-12,2.0833
2016-01-13,0.4583
2016-01-14,2.25
2016-01-15,12.5833
2016-01-16,11.4583
2016-01-17,9.2083
2016-01-18,1.7083
2016-01-19,1.5833
2016-01-20,20.4583
2016-01-21,5.3333
2016-01-22,2.3333
2016-01-23,6.875
2016-01-24,11.9167
2016-01-25,1.375
2016-01-26,0.7083
2016-01-27,0.8333
2016-01-28,1.7083
2016-01-29,1.8333
2016-01-30,1.2083
2016-01-31,0.875
2016-02-01,3.8333
2016-02-02,3.4583
2016-02-03,4.5652
2016-02-04,1.4583
2016-02-05,1.625
2016-02-06,0.6667
2016-02-07,1.9167
2016-02-08,2.25
2016-02-09,3.8333
2016-02-10,9.5
2016-02-11,6.4583
2016-02-12,10.4167
2016-02-13,1.75
2016-02-14,1.5833
2016-02-15,1.1667
2016-02-16,2.5833
2016-02-17,4.7083
2016-02-18,4.6667
2016-02-19,2.75
2016-02-20,11.2917
2016-02-21,1.2917
2016-02-22,0.8333
2016-02-23,1.875
2016-02-24,4.2083
2016-02-25,4.0417
2016-02-26,3.2083
2016-02-27,3.0833
2016-02-28,4.2083
2016-02-29,4.5417
2016-03-01,4.125
2016-03-02,3.1364
2016-03-03,2.75
2016-03-04,4.75
2016-03-05,2.4167
2016-03-06,3.75
2016-03-07,1.4583
2016-03-08,2.875
2016-03-09,2.7917
2016-03-10,5.625
2016-03-11,2.25
2016-03-12,2.5417
2016-03-13,1.125
2016-03-14,4.5417
2016-03-15,3.125
2016-03-16,0.0417
2016-03-17,0.2273
2016-03-18,1.75
2016-03-19,5.7917
2016-03-20,2.9167
2016-03-21,8.3333
2016-03-22,10.9167
2016-03-23,8.9583
2016-03-24,1.6667
2016-03-25,4.4167
2016-03-26,0.5417
2016-03-27,0.6667
2016-03-28,1.625
2016-03-29,1.9583
2016-03-30,2.9167
2016-03-31,3.0417
2016-04-01,2.7083
2016-04-02,2.9167
2016-04-03,2.875
2016-04-04,4.3333
2016-04-05,0.9583
2016-04-06,2.0833
2016-04-07,4.4583
2016-04-08,5.4583
2016-04-09,1.1667
2016-04-10,2.2083
2016-04-11,4.2083
2016-04-12,5.5
2016-04-13,4.125
2016-04-14,2.8333
2016-04-15,4.5417
2016-04-16,6.3333
2016-04-17,4.7917
2016-04-18,5.5833
2016-04-19,5.4583
2016-04-20,7.9167
2016-04-21,7.9167
2016-04-22,5.2917
2016-04-23,4.5417
2016-04-24,7.2083
2016-04-25,4.25
2016-04-26,7.3333
2016-04-27,6.6364
2016-04-28,4.2917
2016-04-29,4.25
2016-04-30,5.0417
2016-05-01,4.1667
2016-05-02,4.1667
2016-05-03,4.7917
2016-05-04,7.625
2016-05-05,10.125
2016-05-06,4.0833
2016-05-07,5.5417
2016-05-08,4.0417
2016-05-09,2.4583
2016-05-10,3.9583
2016-05-11,8.8182
2016-05-12,6.9583
2016-05-13,11.75
2016-05-14,16.7917
2016-05-15,12.25
2016-05-16,6.5833
2016-05-17,5.6667
2016-05-18,6.75
2016-05-19,2.7273
2016-05-20,1.2917
2016-05-21,3.4167
2016-05-22,0.25
2016-05-23,2.375
2016-05-24,6.7083
2016-05-25,6.375
2016-05-26,5.5417
2016-05-27,4.7917
2016-05-28,2.4583
2016-05-29,2.25
2016-05-30,1.4167
2016-05-31,2.3333
2016-06-01,5.4167
2016-06-02,4.0833
2016-06-03,3.125
2016-06-04,4.4583
2016-06-05,8.1667
2016-06-06,9.375
2016-06-07,12.3333
2016-06-08,7.7917
2016-06-09,8.25
2016-06-10,5.6667
2016-06-11,3.5
2016-06-12,1.2083
2016-06-13,2.2083
2016-06-14,2.3333
2016-06-15,1.9167
2016-06-16,3
2016-06-17,3.1667
2016-06-18,4.625
2016-06-19,4.9583
2016-06-20,4
2016-06-21,6.5417
2016-06-22,4.9167
2016-06-23,4.5417
2016-06-24,4.4286
2016-06-25,2.9167
2016-06-26,2.875
2016-06-27,4.4167
2016-06-28,5.9583
2016-06-29,5.7917
2016-06-30,5.5833
2016-07-01,5.1667
2016-07-02,5.125
2016-07-03,3.7917
2016-07-04,1.9167
2016-07-05,1.2083
2016-07-06,2.0909
2016-07-07,5.7083
2016-07-08,2.0417
2016-07-09,7.2917
2016-07-10,3.4583
2016-07-11,2.9167
2016-07-12,3.9167
2016-07-13,2.8333
2016-07-14,3.2917
2016-07-15,2.125
2016-07-16,1.1667
2016-07-17,5.5417
2016-07-18,4.5
2016-07-19,1.625
2016-07-20,1.75
2016-07-21,2.875
2016-07-22,5.25
2016-07-23,3.4167
2016-07-24,3.7083
2016-07-25,4.5
2016-07-26,5.7083
2016-07-27,5.25
2016-07-28,6.625
2016-07-29,3.5
2016-07-30,3.75
2016-07-31,1.9583
2016-08-01,2.9583
2016-08-02,5.5833
2016-08-03,4.2917
2016-08-04,3.875
2016-08-05,6.25
2016-08-06,7.125
2016-08-07,6.2917
2016-08-08,4.8333
2016-08-09,5.3333
2016-08-10,5.8696
2016-08-11,3.0417
2016-08-12,3.4167
2016-08-13,6.875
2016-08-14,5.125
2016-08-15,4.75
2016-08-16,8.3333
2016-08-17,6.5833
2016-08-18,4.375
2016-08-19,3.5417
2016-08-20,6.125
2016-08-21,9
2016-08-22,3.125
2016-08-23,1.3333
2016-08-24,3.1364
2016-08-25,3.3333
2016-08-26,2.6667
2016-08-27,3.4167
2016-08-28,1.25
2016-08-29,3.4167
2016-08-30,7.625
2016-08-31,11.2083
2016-09-01,9.0833
2016-09-02,2.3333
2016-09-03,2.5417
2016-09-04,2.375
2016-09-05,4.0833
2016-09-06,2.125
2016-09-07,0.7917
2016-09-08,0.5
2016-09-09,0.7917
2016-09-10,1.125
2016-09-11,0.0833
2016-09-12,1
2016-09-13,2.625
2016-09-14,3.6364
2016-09-15,2.4583
2016-09-16,4.7083
2016-09-17,3.0417
2016-09-18,0.125
2016-09-19,1.25
2016-09-20,0.5
2016-09-21,4.0417
2016-09-22,6.625
2016-09-23,1.625
2016-09-24,1.625
2016-09-25,1.1667
2016-09-26,3.3333
2016-09-27,1.5833
2016-09-28,3.7917
2016-09-29,4.75
2016-09-30,11.0833
2016-10-01,4.5
2016-10-02,1.75
2016-10-03,2.3333
2016-10-04,5.625
2016-10-05,4.375
2016-10-06,5
2016-10-07,2.2083
2016-10-08,1.4583
2016-10-09,0.75
2016-10-10,3.375
2016-10-11,6.125
2016-10-12,1.6667
2016-10-13,9.5833
2016-10-14,10.8333
2016-10-15,7.75
2016-10-16,4.0833
2016-10-17,5.75
2016-10-18,5.9167
2016-10-19,2.8636
2016-10-20,2.9583
2016-10-21,2.6667
2016-10-22,3.0417
2016-10-23,5.125
2016-10-24,9.4167
2016-10-25,4.6667
2016-10-26,5.9583
2016-10-27,6.4583
2016-10-28,5.2083
2016-10-29,7.5
2016-10-30,1.625
2016-10-31,7
2016-11-01,9.6667
2016-11-02,2.0435
2016-11-03,1.125
2016-11-04,5.5
2016-11-05,4.3333
2016-11-06,6.7826
2016-11-07,5.1364
2016-11-08,3.1667
2016-11-09,2.875
2016-11-10,3.5833
2016-11-11,10.3333
2016-11-12,4.4167
2016-11-13,1.875
2016-11-14,1.8333
2016-11-15,5.4583
2016-11-16,6.2083
2016-11-17,9.0476
2016-11-18,12.5417
2016-11-19,7
2016-11-20,8.5833
2016-11-21,0.5909
2016-11-22,12.4583
2016-11-23,8.0417
2016-11-24,1.625
2016-11-25,1.2273
2016-11-26,5.25
2016-11-27,10.1667
2016-11-28,2.4167
2016-11-29,4.125
2016-11-30,14.375
2016-12-01,3.6667
2016-12-02,3.25
2016-12-03,0.3333
2016-12-04,1.0833
2016-12-05,0.5
2016-12-06,5.8333
2016-12-07,7.5833
2016-12-08,10.5
2016-12-09,12.5
2016-12-10,10.4583
2016-12-11,12.6667
2016-12-12,7.0417
2016-12-13,3
2016-12-14,6.3636
2016-12-15,6.7083
2016-12-16,16.9167
2016-12-17,3.9583
2016-12-18,1.625
2016-12-19,1.8333
2016-12-20,2.0833
2016-12-21,3.625
2016-12-22,3.5833
2016-12-23,10
2016-12-24,2.2917
2016-12-25,5.9167
2016-12-26,5.0417
2016-12-27,0.9583
2016-12-28,0.6667
2016-12-29,1.9167
2016-12-30,3.0833
2016-12-31,3.0833
2017-01-01,2.625
2017-01-02,5.4167
2017-01-03,6.0417
2017-01-04,3.5833
2017-01-05,3.4583
2017-01-06,16.3333
2017-01-07,18.3333
2017-01-08,9.0833
2017-01-09,9.5833
2017-01-10,4.375
2017-01-11,1.4583
2017-01-12,3.2609
2017-01-13,2.9583
2017-01-14,2.9583
2017-01-15,2.125
2017-01-16,3.2917
2017-01-17,3.2083
2017-01-18,5.25
2017-01-19,2.375
2017-01-20,4.9167
2017-01-21,4.5417
2017-01-22,19.3333
2017-01-23,22.3333
2017-01-24,8.5833
2017-01-25,4.2609
2017-01-26,4.2917
2017-01-27,3.0435
2017-01-28,1.4167
2017-01-29,1.375
2017-01-30,1.375
2017-01-31,1
2017-02-01,3.3333
2017-02-02,3.6667
2017-02-03,8.4583
2017-02-04,4.875
2017-02-05,5
2017-02-06,5.2917
2017-02-07,10
2017-02-08,19.625
2017-02-09,17.7917
2017-02-10,7.7083
2017-02-11,1.5833
2017-02-12,1.5417
2017-02-13,2.25
2017-02-14,4.25
2017-02-15,4.5
2017-02-16,3.2083
2017-02-17,4.0833
2017-02-18,7.0833
2017-02-19,10.4167
2017-02-20,13.625
2017-02-21,19.0417
2017-02-22,7.8333
2017-02-23,9.125
2017-02-24,7.625
2017-02-25,7.375
2017-02-26,1.6667
2017-02-27,4.9583
2017-02-28,4.8333
2017-03-01,4
2017-03-02,6.25
2017-03-03,2.0417
2017-03-04,6.5
2017-03-05,10.5833
2017-03-06,8.375
2017-03-07,4.2917
2017-03-08,4.4167
2017-03-09,6.5
2017-03-10,5
2017-03-11,6.8333
2017-03-12,6.875
2017-03-13,5.0417
2017-03-14,2.9167
2017-03-15,4.9091
2017-03-16,2.0833
2017-03-17,6.2083
2017-03-18,1.2917
2017-03-19,0
2017-03-20,2.2917
2017-03-21,2.4167
2017-03-22,3.375
2017-03-23,5.9583
2017-03-24,6.25
2017-03-25,0.0417
2017-03-26,0.4583
2017-03-27,0.8333
2017-03-28,0.375
2017-03-29,1.0833
2017-03-30,6
2017-03-31,4.75
2017-04-01,1
2017-04-02,1.8333
2017-04-03,1.25
2017-04-04,1.875
2017-04-05,2.6667
2017-04-06,1.5
2017-04-07,1.625
2017-04-08,2.0417
2017-04-09,3.4167
2017-04-10,2.7917
2017-04-11,5.4167
2017-04-12,8.9545
2017-04-13,4.5833
2017-04-14,0.8333
2017-04-15,0.9167
2017-04-16,2.5833
2017-04-17,2.2917
2017-04-18,4.6667
2017-04-19,8.0833
2017-04-20,4.625
2017-04-21,7.125
2017-04-22,6.2083
2017-04-23,3.9167
2017-04-24,5.1667
2017-04-25,3.625
2017-04-26,7.625
2017-04-27,7.125
2017-04-28,3.3333
2017-04-29,0.875
2017-04-30,0.5833
2017-05-01,0.4167
2017-05-02,1.125
2017-05-03,3.7917
2017-05-04,2.875
2017-05-05,5.2917
2017-05-06,3.125
2017-05-07,0.5833
2017-05-08,2.125
2017-05-09,4.5
2017-05-10,8.3333
2017-05-11,7.8636
2017-05-12,5.5417
2017-05-13,1.3333
2017-05-14,0.4583
2017-05-15,0.625
2017-05-16,2.1667
2017-05-17,0.8095
2017-05-18,1.0833
2017-05-19,0.7917
2017-05-20,4.5833
2017-05-21,5.4167
2017-05-22,6.2083
2017-05-23,6.2917
2017-05-24,1.25
2017-05-25,0.625
2017-05-26,2.5
2017-05-27,5.7917
2017-05-28,7.75
2017-05-29,4.8333
2017-05-30,8.125
2017-05-31,8.4167
2017-06-01,5.375
2017-06-02,3.0417
2017-06-03,4.2917
2017-06-04,5.7083
2017-06-05,3.5
2017-06-06,6.2917
2017-06-07,8.0417
2017-06-08,7.4583
2017-06-09,2.8333
2017-06-10,0.5
2017-06-11,2.7917
2017-06-12,6.9167
2017-06-13,7.375
2017-06-14,2.5
2017-06-15,0.6667
2017-06-16,1.6667
2017-06-17,1.375
2017-06-18,2.375
2017-06-19,5.3182
2017-06-20,5.2083
2017-06-21,12
2017-06-22,1.8333
2017-06-23,2.625
2017-06-24,5.1667
2017-06-25,8.125
2017-06-26,9.1667
2017-06-27,6.3333
2017-06-28,3.4583
2017-06-29,3.9583
2017-06-30,10.3333
2017-07-01,9.125
2017-07-02,6.6667
2017-07-03,7
2017-07-04,6.4167
2017-07-05,6.5714
2017-07-06,12.4091
2017-07-07,11.75
2017-07-08,15.25
2017-07-09,11.5833
2017-07-10,12
2017-07-11,10.0833
2017-07-12,14.5
2017-07-13,9
2017-07-14,10.0833
2017-07-15,7.9167
2017-07-16,25.1667
2017-07-17,33.75
2017-07-18,10.375
2017-07-19,38.9167
2017-07-20,18.9583
2017-07-21,5.75
2017-07-22,4.875
2017-07-23,2.25
2017-07-24,0.5
2017-07-25,4.5
2017-07-26,7.2917
2017-07-27,16.8333
2017-07-28,12.5
2017-07-29,10.5833
2017-07-30,31.125
2017-07-31,36.2083
2017-08-01,12.9583
2017-08-02,6.625
2017-08-03,9.6667
2017-08-04,4
2017-08-05,6.25
2017-08-06,8.25
2017-08-07,11.125
2017-08-08,9.625
2017-08-09,11.375
2017-08-10,10.7917
2017-08-11,9.0417
2017-08-12,12.625
2017-08-13,36.4167
2017-08-14,68.3158
2017-08-15,28.2917
2017-08-16,27.4583
2017-08-17,33.2609
2017-08-18,17.125
2017-08-19,2.7917
2017-08-20,20.0833
2017-08-21,10.75
2017-08-22,8.9583
2017-08-23,10.375
2017-08-24,12.9167
2017-08-25,2.7917
2017-08-26,8.0417
2017-08-27,14.6667
2017-08-28,8.6667
2017-08-29,11.5833
2017-08-30,48.4583
2017-08-31,42.6667
2017-09-01,29.7083
2017-09-02,30.5
2017-09-03,5.875
2017-09-04,5.4167
2017-09-05,19.4167
2017-09-06,26.375
2017-09-07,39.2917
2017-09-08,51.9167
2017-09-09,26.25
2017-09-10,0.875
2017-09-11,3.375
2017-09-12,2.7619
2017-09-13,2.75
2017-09-14,3.625
2017-09-15,5.5
2017-09-16,5.25
2017-09-17,10.0833
2017-09-18,11.9167
2017-09-19,3.4167
2017-09-20,3.5417
2017-09-21,1.5833
2017-09-22,4.0417
2017-09-23,4.4167
2017-09-24,4.875
2017-09-25,4.2083
2017-09-26,3.5833
2017-09-27,4.875
2017-09-28,6.5
2017-09-29,9.75
2017-09-30,7.875
2017-10-01,1.0833
2017-10-02,0.6667
2017-10-03,3.0417
2017-10-04,3.7917
2017-10-05,6.375
2017-10-06,6.3333
2017-10-07,1.1667
2017-10-08,2.0417
2017-10-09,2.3333
2017-10-10,6.6667
2017-10-11,4.7917
2017-10-12,4.4583
2017-10-13,8.25
2017-10-14,5.0833
2017-10-15,2.8333
2017-10-16,2.5909
2017-10-17,2.5
2017-10-18,1.875
2017-10-19,1.5417
2017-10-20,0.9167
2017-10-21,1.9583
2017-10-22,0.5833
2017-10-23,1.375
2017-10-24,5.625
2017-10-25,2.625
2017-10-26,6.6667
2017-10-27,5.0417
2017-10-28,5.875
2017-10-29,0.0833
2017-10-30,1.8696
2017-10-31,3
2017-11-01,1.7273
2017-11-02,4.4583
2017-11-03,4.625
2017-11-04,8.5
2017-11-05,6
2017-11-06,5.0417
2017-11-07,9.5417
2017-11-08,20.5
2017-11-09,20.2917
2017-11-10,9.125
2017-11-11,8.4167
2017-11-12,7.25
2017-11-13,5.1667
2017-11-14,19.9583
2017-11-15,21.5
2017-11-16,15.375
2017-11-17,18.25
2017-11-18,5.0417
2017-11-19,1.7917
2017-11-20,5.9583
2017-11-21,8.7083
2017-11-22,13.7917
2017-11-23,3.4583
2017-11-24,2.5417
2017-11-25,4.7917
2017-11-26,4.2083
2017-11-27,3.8333
2017-11-28,4.875
2017-11-29,4.7917
2017-11-30,5.3182
2017-12-01,3.4167
2017-12-02,9.5833
2017-12-03,6.5417
2017-12-04,3.875
2017-12-05,3.3333
2017-12-06,5.75
2017-12-07,5.2917
2017-12-08,6.4583
2017-12-09,5.625
2017-12-10,10.5
2017-12-11,10.5417
2017-12-12,8.7917
2017-12-13,5.4762
2017-12-14,7.6667
2017-12-15,3.2917
2017-12-16,5.4167
2017-12-17,4.0833
2017-12-18,1.4583
2017-12-19,3.125
2017-12-20,1.2917
2017-12-21,1.4583
2017-12-22,1.9583
2017-12-23,0.5833
2017-12-24,0.875
2017-12-25,6.2083
2017-12-26,9.7917
2017-12-27,1.25
2017-12-28,1.125
2017-12-29,1.8333
2017-12-30,5.2083
2017-12-31,8.6667
2018-01-01,0.8333
2018-01-02,1.125
2018-01-03,1.5417
2018-01-04,2
2018-01-05,1.7917
2018-01-06,2.2083
2018-01-07,3.375
2018-01-08,9.0833
2018-01-09,10.6818
2018-01-10,2.3333
2018-01-11,10.2083
2018-01-12,19.7083
2018-01-13,3.75
2018-01-14,5.0417
2018-01-15,11.875
2018-01-16,2.7083
2018-01-17,3.375
2018-01-18,2.125
2018-01-19,3.375
2018-01-20,2.7083
2018-01-21,5.0417
2018-01-22,2
2018-01-23,4.9583
2018-01-24,10.375
2018-01-25,19.5
2018-01-26,13
2018-01-27,13.4583
2018-01-28,12.9167
2018-01-29,12.4167
2018-01-30,2.0833
2018-01-31,12
2018-02-01,10.75
2018-02-02,21.2083
2018-02-03,5.7083
2018-02-04,4.6667
2018-02-05,5.7917
2018-02-06,4.1304
2018-02-07,7.7083
2018-02-08,5.8333
2018-02-09,10
2018-02-10,3.5417
2018-02-11,3.5417
2018-02-12,4.9167
2018-02-13,2.0417
2018-02-14,2.0417
2018-02-15,1.8333
2018-02-16,1.5833
2018-02-17,0.875
2018-02-18,1.0417
2018-02-19,3.6667
2018-02-20,3
2018-02-21,4.5
2018-02-22,2.2917
2018-02-23,3.8333
2018-02-24,1.5417
2018-02-25,1.5
2018-02-26,2.875
2018-02-27,2.25
2018-02-28,5.5417
2018-03-01,9.7083
2018-03-02,6.5417
2018-03-03,4.75
2018-03-04,7.625
2018-03-05,7.0833
2018-03-06,15.9167
2018-03-07,19.2083
2018-03-08,46.625
2018-03-09,15.5417
2018-03-10,7.0833
2018-03-11,8.3333
2018-03-12,6.2083
2018-03-13,8.25
2018-03-14,26.125
2018-03-15,31.9583
2018-03-16,25.25
2018-03-17,27.8333
2018-03-18,9.9167
2018-03-19,8.75
2018-03-20,4.625
2018-03-21,13.7917
2018-03-22,27
2018-03-23,7.8333
2018-03-24,2.0833
2018-03-25,2.625
2018-03-26,2.125
2018-03-27,3.1905
2018-03-28,5.125
2018-03-29,11.2917
2018-03-30,4.5
2018-03-31,5.9583
2018-04-03,11.7917
2018-04-04,17.875
2018-04-05,4.5833
2018-04-06,8.5417
2018-04-07,7.6667
2018-04-08,12.0417
2018-04-09,16.8333
2018-04-10,10.7917
2018-04-11,19.375
2018-04-12,9.5833
2018-04-13,9.4583
2018-04-14,5.625
2018-04-15,11.3333
2018-04-16,8.2083
2018-04-17,13.7619
2018-04-18,4.375
2018-04-19,6.4167
2018-04-20,7.125
2018-04-21,5.5833
2018-04-22,1.7083
2018-04-23,4.6667
2018-04-24,6.7083
2018-04-25,9.0833
2018-04-26,8.2917
2018-04-27,10.125
2018-04-28,12.2083
2018-04-29,4.2083
2018-04-30,6.5
2018-05-01,4.7083
2018-05-02,6.8333
2018-05-03,7.1667
2018-05-04,5.8333
2018-05-05,6.1667
2018-05-06,6.7083
2018-05-07,7.375
2018-05-08,5.7083
2018-05-09,4.0833
2018-05-10,7.1667
2018-05-11,8.2917
2018-05-12,8.25
2018-05-13,6.1667
2018-05-14,8.9167
2018-05-15,11.1667
2018-05-16,15.875
2018-05-17,8.375
2018-05-18,6.7917
2018-05-19,4.1667
2018-05-20,5
2018-05-20,5
2018-05-21,3.9167
2018-05-22,8.9583
2018-05-23,9.625
2018-05-24,11.3333
2018-05-25,9.7917
2018-05-26,7.2917
2018-05-27,7.4167
2018-05-28,8.381